Tick,AreaPerBot,AreaRef,Region0,Region1,Region2,Region3,Region4,Region5,Region6,Region7,Region8,Region9,Region10,Region11,Region12,Region13,Region14
32,4704.822735818907,4704.822735818909,-1211.6767164739376,145.1626456883614,-4001.4216655636856,-4231.52686452529,-4036.34488915467,-2162.9573132458654,2106.866813185924,8465.484227359404,-404.7622317767573,-3435.793530017692,4355.614309132029,-1754.0943452474403,-1870.1417960592803,9793.321886301823,-1757.7305296029067
63,4704.822735818907,4704.822735818909,-1255.8755914300264,4355.614309132029,-1870.1417960592803,-1754.0943452474412,9793.321886301816,-1757.7305296029062,220.42310627199095,8195.248574967241,-3420.1261622694383,-4005.7918721115893,-4140.948984664976,-385.52332191888036,-3981.910027232063,2225.0932414888784,-2217.5584876253433
94,4704.822735818907,4704.822735818909,-1255.8755914300264,4355.614309132029,-1870.1417960592803,-1754.0943452474412,9793.321886301816,-1757.7305296029062,220.42310627199095,8195.248574967241,-3420.1261622694383,-4005.7918721115893,-4140.948984664976,-385.52332191888036,-3981.910027232063,2225.0932414888784,-2217.5584876253433
125,4704.822735818907,4704.822735818909,-1255.8755914300264,4355.614309132029,-1870.1417960592803,-1754.0943452474412,9793.321886301816,-1757.7305296029062,220.42310627199095,8195.248574967241,-3420.1261622694383,-4005.7918721115893,-4140.948984664976,-385.52332191888036,-3981.910027232063,2225.0932414888784,-2217.5584876253433
156,4704.822735818907,4704.822735818909,-1255.8755914300264,4355.614309132029,-1870.1417960592803,-1754.0943452474412,9793.321886301816,-1757.7305296029062,220.42310627199095,8195.248574967241,-3420.1261622694383,-4005.7918721115893,-4140.948984664976,-385.52332191888036,-3981.910027232063,2225.0932414888784,-2217.5584876253433
187,4704.822735818907,4704.822735818909,-1255.8755914300264,4355.614309132029,-1870.1417960592803,-1754.0943452474412,9793.321886301816,-1757.7305296029062,220.42310627199095,8195.248574967241,-3420.1261622694383,-4005.7918721115893,-4140.948984664976,-385.52332191888036,-3981.910027232063,2225.0932414888784,-2217.5584876253433
218,4704.822735818907,4704.822735818909,10078.960781924477,260.80205242941065,-761.1000427297104,-2131.5731633912546,4401.531159743278,-1839.896833687461,-1742.0524200648197,7819.137106810777,-3382.027778689606,-3990.91864953454,-4094.5241961197044,-163.5098605537405,-3965.0444846195614,1861.8392726822294,-2351.622944199764
249,4704.822735818907,4704.822735818909,-11.245291049457592,-48.35375879244566,6839.133571618548,4267.403104237141,-1528.8296874733865,-2391.5238372024805,10486.992488848051,-2067.072543885107,-3278.2084677862417,-2598.97493758056,1471.9573620288338,-3910.778274499471,-4051.881835642765,755.358077209552,-3933.9759700302034
280,4704.822735818907,4704.822735818909,209.02294759851975,6005.493995838945,4101.827952637245,-1226.0589208596834,-2147.818650370621,10156.021829516743,-2324.598868511721,745.6244564549497,-3219.400348655312,-2745.3312247756867,1106.4858712169435,-3866.4058551008798,-3941.14868297867,966.1066909940037,-3819.821193004757
311,4704.822735818907,4704.822735818909,-2544.5541786286735,297.6146091069604,-2759.390162776431,9342.981292331451,4095.233453071107,1572.3999317188718,858.8040813385551,5667.665273759005,792.0831501674793,-1115.3225749148423,-1736.473101739381,-3723.4913644946023,-3668.0772513708744,-3811.539341332158,-3267.9338162364597
342,4704.822735818907,4704.822735818909,-2684.262977313901,4508.858316219701,-1973.9518069689125,-684.6845808928038,1335.6827277159664,8165.070017144508,4900.735686245507,1478.85842986853,-3151.2630570764877,0.8640445156343048,-3444.945829040814,-3575.4402838683204,-2810.2872546730127,1641.5644969974583,-3706.7979288730535
373,4704.822735818907,4704.822735818909,-2937.9003053527404,1551.5126797471767,-3409.502795234267,-3626.3822945727006,-3084.1652125721453,6941.0864675124885,5006.505662694286,-1896.8167722559474,-712.8286475455043,1787.4847167230055,-2763.721731676705,312.2116421345454,-3073.9779034197377,1892.895173886116,4013.5993199321347
404,4704.822735818907,4704.822735818909,-3209.7475448939767,2041.2913441779983,-3304.341511946522,-3527.456296471889,-2711.4210623502004,5455.333615454465,5095.183574847033,-2010.517775752507,-710.9167447425411,2086.509459699634,-2726.799522649896,507.93332967591414,-2962.775379569796,1893.3751006173425,4084.349413904947
435,4704.822735818907,4704.822735818909,-3297.8864122922478,2250.0288732164963,5372.622915002365,5351.424456920624,-2260.897354829517,-730.4743919516322,1764.4154125899722,-2979.3023720743595,-3327.2024037934243,-2435.313963576269,-2692.4900345450988,1155.665571596749,-2971.5151879206223,1641.9121902440938,3159.012701412874
466,4704.822735818907,4704.822735818909,-3540.8366914644153,1282.0360887016323,2164.9255395611917,4592.535325482591,5155.906068253398,-2184.3292700452002,-573.4322564716695,-2713.4804461086364,-3234.951417414799,-2068.8005911597015,-2730.409703175369,2680.3124987011706,-2828.850700354757,1834.5694298539338,2164.80612564063
497,4704.822735818907,4704.822735818909,-3547.925753657631,2021.074480020835,4091.5733936108263,5003.908910095553,-2318.04530635511,-870.0004317520797,-2518.834513255532,1462.9268172575667,-3121.7504806272455,-1656.3930777887563,-2755.1902319436485,3141.7365125218967,-2679.926502286495,2223.9293781721344,1522.9168059876856
528,4704.822735818907,4704.822735818909,-3664.788195664367,1591.6109012615343,2714.5865197278417,3503.118224818074,4801.714256729114,-2529.89113281935,-994.4682501995198,-2245.713757807613,-2958.6899593656794,-1230.1273097025933,-2771.0788529915562,3673.5362749698506,-2736.697571866965,1240.978991312204,1605.9098615990288
559,4704.822735818907,4704.822735818909,-3773.5195440753605,2959.1937465831334,3234.7556387305294,4686.592165396731,-2719.9703200625345,-1245.0066482696388,-1992.6655481103198,1752.5301537863643,-2843.267307113998,-841.1006077632769,-2710.0784673430044,3688.8989048712956,1562.4632558781477,-2807.8184855651807,1048.9930630571198
590,4704.822735818907,4704.822735818909,-3918.282464071417,3053.4173800805384,-2687.4895857572565,3144.0075385201562,4209.068645112849,-2791.239317520297,-1213.3271398454153,-734.4228689061688,-1586.788223044468,1425.059344446554,-2793.7064896665597,4477.373681016951,1032.8420018083461,-2853.327156189749,1236.8146540159241
621,4704.822735818907,4704.822735818909,-4027.7222379145355,3290.0073149064438,-2600.554979179803,2639.1307720141904,3709.5717629612027,-2842.668371093898,-1292.009630490341,-707.5968769722222,-1259.1326801592995,1251.9265848098767,-2618.881316381994,5289.00636165658,1118.4696130142602,-2998.909030851864,1049.3627136814066
652,4704.822735818907,4704.822735818909,-4140.344429271626,-2635.3521090453714,2828.127575408229,2054.460850085138,3033.72290642172,-2861.9961783172653,-1174.3768599752057,1221.267774631814,-925.220554034453,-2551.8052434224887,5997.106142672829,1020.428025988911,1746.2087396470652,-3004.4515272720546,-607.7751135172293
683,4704.822735818907,4704.822735818909,-4135.083749392513,-2603.680827504301,2735.5671373971327,1636.6549532523904,2693.6858501778597,-2837.011240173576,-1279.2591830327806,1319.1665889850537,-720.4734267686736,-2543.098612331447,6452.935798184446,888.6899597490137,1749.6223237047025,-3038.198680978048,-319.5168912692534
714,4704.822735818907,4704.822735818909,1441.239305166111,-2494.650798297726,-4146.312912245476,-218.2638550603151,2826.7696598081975,-3009.1032031032296,-531.9795091311689,-2475.9079978916106,1731.430262130697,1470.320353185175,2473.998742536757,-2956.4684672515777,876.1149438344446,6606.028728836459,-1593.2152525167257
745,4704.822735818907,4704.822735818909,1539.2471090841082,-2379.4903599243353,-4128.753230376044,-329.51283983179655,2929.80869532191,-2998.968286464232,-100.50632630246037,-2424.6815468339105,1551.9818532610243,1230.0595549238024,2216.8176796395783,-2868.4089499035244,983.6317409446847,6658.375665347479,-1879.6007588862863
776,4704.822735818907,4704.822735818909,-4107.235298588881,1718.989255147826,-2290.0358050985383,2780.640873197891,-2795.363990965808,-1841.6811594494993,-2890.5698236731278,325.90621889446265,-344.7451033393718,1007.8654628767163,1397.221183531995,1797.052296419134,836.8563428123971,-2327.4265268138274,6732.526075048648
807,4704.822735818907,4704.822735818909,-4068.6866510809014,531.6512965614975,-2684.537630282863,6598.622199274481,-1715.9603836634942,1227.4101029535013,895.1035252550246,-2227.27221575157,559.4568190846421,2618.2749180242936,-2325.8125843152034,-2692.528908243522,26.432056301629018,1338.6717777259455,1919.1756781565446
838,4704.822735818907,4704.822735818909,2119.343777647916,-2377.330452446619,557.1490794698639,2679.3851910463954,-2648.7599402610294,749.8293691107183,-2209.1431869723965,-1755.8663741988044,-4054.424865328526,745.0511911084714,214.34475442226358,700.3359808896785,1155.105234597202,-2217.1147149399167,6342.094955854785
869,4704.822735818907,4704.822735818909,2081.91731650192,-2233.5657746345196,1206.0064500592835,2763.2736313511223,-2563.6724577950467,654.8248813746659,-1569.7891071205117,-1883.3136256543057,-4024.415383082615,730.4139342001672,-566.3511386988221,173.89205383168155,967.2383032400267,-2043.158671872785,6306.69958829974
900,4704.822735818907,4704.822735818909,2206.891920921331,-2084.289467176948,1572.0591908732704,2725.6657349752213,-2585.5580150439373,988.5035087874321,-1821.1901214214672,-4002.8500905309147,767.4140752301073,-994.7665542549939,-199.07870727892714,543.5001509721114,-2194.2207256223924,6373.641363572595,-1295.7222640024852
931,4704.822735818907,4704.822735818909,2409.2334151821415,-1860.3170790536383,1576.364339451632,2650.0292409614376,-2295.2364901045444,1176.6136363213482,-2191.824048164415,141.3679802774377,-1047.4051777217333,-1795.016715866479,6473.847286483676,668.1278769181845,-1328.875284374857,-3995.1734495991504,-581.7355307110265
962,4704.822735818907,4704.822735818909,2805.1309569973228,-1726.545833089991,1309.2949691455124,-2242.5102574995008,1812.740855001286,-1628.8360026460123,-4005.886962501359,754.7827512334843,-1121.9573685147757,6552.602708183176,-1680.19640638093,-2015.1947061364772,-410.9946276765313,-996.4457941165838,2594.015718001381
993,4704.822735818907,4704.822735818909,3329.5652390899922,2024.454822701644,-1900.4800232746775,-1910.0618473697896,-1794.8291716277158,6433.19172431648,2264.9594603208525,1413.2116920988547,-1548.0627381640606,-662.5279425377275,-2025.3334454320739,-1253.9241513247025,624.1298180810536,-998.8922356870294,-3995.4012011910877
1024,4704.822735818907,4704.822735818909,-1935.3039023781816,-1401.4821981789573,-1478.141918365237,6280.307074969494,2581.545735700878,3695.392557544872,-2283.2308937198545,-958.5838420061327,-4012.312788722582,2238.9171102273267,831.4320301645539,-1133.9685348168105,-1322.6662855907207,632.5875598143111,-1734.4917046429582
1055,4704.822735818907,4704.822735818909,-1762.3546622270874,-1090.844067857076,-1193.2060034968172,6146.775157853733,2596.2264146196103,3908.0671303387744,-2391.478721413668,-1002.3366838840429,-4025.4886544347014,1860.1714638730173,899.7190035121957,-781.1770402011061,-1545.2509742829398,477.2441700403788,-2096.066532440254
1086,4704.822735818907,4704.822735818909,4109.978655732082,-2529.200466679714,-886.7404029808654,-1694.6848352576953,6134.6276143194245,-4026.677896684488,-2263.5892374571995,-1142.2743278316084,473.5769745850439,-908.383430594336,307.1453089341758,-1656.6331836128857,3232.268524790381,1408.6023649871322,-558.0156622494478
1117,4704.822735818907,4704.822735818909,4195.855917515853,-1611.5899713658387,4064.7418099834977,-1314.6324754693132,-768.9584991309666,6036.254943604612,-1953.5714491038375,-774.9059712027338,-4012.8988762620147,1155.7069372241585,-140.2578808407743,-593.3986053034951,-1822.188682799224,569.8528031504447,-3030.010000000369
1148,4704.822735818907,4704.822735818909,4204.282699518516,-3258.2348479780185,-1437.4228661136221,-1840.748286989231,-4028.560975362108,-760.1016553192021,5865.908408307022,-893.3826728159893,-2000.7192975762027,4502.759907879071,-665.4880199864883,100.49184099284139,-1307.5523164620818,1003.5689748991126,515.1991070063923
1179,4704.822735818907,4704.822735818909,4328.375873979676,-3506.7891239819464,-1121.152601722496,5793.9330421373525,-1201.0976116126012,-1670.0004180574447,-4012.391501218138,-995.9927269203463,-2115.8430088557657,-1324.6698703608217,172.98315182495207,891.4295941352493,520.3040320547025,-536.2025366909702,4777.113705288599
1210,4704.822735818907,4704.822735818909,4682.045154673757,5816.6707849938775,-878.4659650839126,-4037.4628445627227,-1142.083041856537,-1479.5643991046018,-3727.581361155293,-1436.5876984217052,-2152.1522601729425,874.5779323669149,-308.9178243831684,959.4917901670915,-1217.0176318958675,-416.4987408896259,4463.54610532474
1241,4704.822735818907,4704.822735818909,5832.626437077547,5159.783958378094,-1676.4840878747386,-574.8897498688657,-4035.045366407838,-3879.8157998053393,-1114.7122942483156,-1568.1178878501346,-2304.088701118812,1546.6428022824239,3606.6635688448687,649.9154426928808,-117.49710117502855,-1061.0070744640238,-463.97414646270227
1272,4704.822735818907,4704.822735818909,5848.759890923766,5627.3454678074595,2509.32128265954,-1307.6618729529628,-1757.3660404082812,-378.0684893659072,-4023.7158625561324,-1803.5393427548288,-3973.563112806483,-2515.1828321196817,260.85575901681386,2628.147124454639,-1068.6737158909618,396.95292736715965,-443.6111833741352
1303,4704.822735818907,4704.822735818909,5759.276705431983,6063.970555869291,-1896.644810858052,-184.39157431733474,-4038.8953034062233,-2006.2084934262407,-4039.0942104997957,-1094.232260030733,1031.2976073497675,-41.79314317922854,-476.6417419090758,-1461.1516505616119,-2564.16957534898,3181.5575532301027,1767.1203416561375
1334,4704.822735818907,4704.822735818909,5484.467585981055,6462.59982078275,2933.2119950798797,-1492.9029176236254,-2206.3178888700236,-2197.6380652753564,-4144.5683435403935,-3985.2776563729476,-30.144505992600898,-2645.6277345298295,-339.042418748586,2252.168025947637,-1199.2339655589294,1613.1738727862776,-504.86780406529033
1365,4704.822735818907,4704.822735818909,5043.246811332895,6923.302924456594,-2225.185209889282,-100.70625389787347,-3962.8636409562314,-4136.942725197335,-2412.3163660679656,-1397.6564361141131,2257.2556011789156,-1053.768665349593,-2747.091052631645,-240.71167663409597,-1382.0559065513762,3771.9238707134564,1663.5687256076599
1396,4704.822735818907,4704.822735818909,4697.25475107335,7257.555458977887,-2213.900329558589,-83.58071699963602,-3988.8194411135246,-4124.987417371536,-2594.080205141328,-1658.0057786986117,3153.3313405798426,-1519.4691825745708,-2686.0577338500498,-392.04645755461934,-1586.2167452370072,4647.7151761026025,1091.3072813658055
1427,4704.822735818907,4704.822735818909,4401.557101569634,7065.674457999167,3307.783008202551,-2250.1858505844066,-218.92652698714937,-3968.8468587572697,-1836.2221533034108,-4160.184107707334,-2598.9394746716835,-1865.5535377005554,3503.1963298250257,3399.898226745032,-2694.0005502237736,-326.94751856232233,-1758.3025458434927
1458,4704.822735818907,4704.822735818909,3697.116006498598,6960.303426159127,-1990.842671541286,3747.9574276058465,3965.08732354148,-1896.7874332642264,-433.9351397929977,-2507.9832910631712,3839.484470983094,-2402.813966520974,-2723.2811221847387,-4115.741425364945,-1847.3581951498354,-3984.661756571632,-306.54365333433816
1489,4704.822735818907,4704.822735818909,3505.7215767684547,6641.0348558133055,-2093.4218953175055,3217.7513716118083,5480.102795158794,-2207.360870647347,-2262.752604349415,-472.11052455362733,-2388.948348378537,-2983.7524879700254,-4076.4797448206464,-2115.418098166957,-3872.340998154224,-386.5192472497047,4014.4942202556404
1520,4704.822735818907,4704.822735818909,3346.1755492105694,6582.53635206533,-2052.219671446997,3398.647233808293,6017.828448680015,-2449.0089982017876,-3257.6177325792905,-605.9952217365071,-2104.3427824868895,-2300.6842800922705,-3997.1753869997565,-3841.3041283226244,-2340.724941672586,-437.06098331727026,4040.9465430917735
1551,4704.822735818907,4704.822735818909,3271.4266939390955,-2534.2760923733053,6703.21704500388,-2051.383527837325,6339.142606284996,3233.4064511332945,-706.8246701016574,-3505.3236674041527,-2194.844398485713,-3988.7349463864957,-3794.799741590042,-2527.8204610853613,-426.47458723854743,4156.101066200005,-1972.8117700586563
1582,4704.822735818907,4704.822735818909,3242.2312529747423,-2687.200472092099,6963.152395558063,-2128.1075576984963,3073.0724582635276,6328.611489231071,-852.236795137655,-3630.0792465087466,-2109.777293821157,-2647.255156985183,-1850.6125850978856,4448.808946003068,-4043.6326012624904,-3686.276694813067,-420.69813861368675
1613,4704.822735818907,4704.822735818909,7195.575921147325,3212.89536769781,-425.49279242125886,6840.453499065576,4773.685663402202,-4108.493105186857,-2084.1048999605637,-3642.1549098758505,-973.3493775001903,-1768.7371620856811,-2739.299106920759,-2044.4707321291776,-3718.062074313778,-2998.437207990037,2479.99091707124
1644,4704.822735818907,4704.822735818909,7334.978524822143,3183.440643207523,-409.9776321903182,7651.043875089246,4932.2483814295065,-4108.568232804683,-2180.484148135783,-3604.981655752524,-972.2346186277609,-1729.1703185003134,-2803.832760689871,-1945.4141393587088,-3741.3497536888135,-3278.3656515982866,1672.6674867986467
1675,4704.822735818907,4704.822735818909,7400.636962825492,3224.5484932083637,-477.41538472892717,8642.969097164745,4760.787071483162,-4117.861195841944,-3665.1122405782794,-2149.2300520237245,-970.6615856020026,-1852.0329883345203,-2674.7997438597968,-1866.6419353396786,-3737.4360804761723,-3535.960873014775,1018.2104551180582
1706,4704.822735818907,4704.822735818909,7688.588860106846,3247.31375421955,-618.6696395660206,9193.81904343839,4480.938787103431,-4131.463516483142,-3724.6503198857918,-2199.2909846967673,-1090.9144924225648,-3646.1720584936443,-2632.081245645757,-2017.4730421867098,-1665.2177763963355,702.8331902707187,-3587.560559362189
1737,4704.822735818907,4704.822735818909,8119.087050815409,3190.5203872590946,-830.1496043758034,4091.549053916955,-4153.361873971303,-3733.5491944703763,-2280.233088255659,-1202.6455713774449,-3616.9087751954225,-2631.4871735808706,-2137.978696940064,-1165.2259414527389,363.70733519085934,9605.595299646757,-3618.919207209392
1768,4704.822735818907,4704.822735818909,8340.29485502649,3277.032122565902,3697.864876139274,-953.2837747836593,-3699.4546248925176,238.87731840913966,9823.343865775129,-3620.5875645771266,-2566.2500076293804,-4120.504384933465,-3626.8144852035257,-2467.015231459626,-2398.6587184443315,-1204.685894152362,-720.1583518399366
1799,4704.822735818907,4704.822735818909,3326.9396955391903,8697.894153894322,9393.796699305502,-124.6881967453146,-3630.054230635628,3522.778742323382,-990.5530786179943,-2511.967183154473,53.57287118178738,-1306.1000201677207,-4082.26865529114,-2516.300267353442,-3703.1948079637914,-3689.9763408324266,-2439.8793814822484
1830,4704.822735818907,4704.822735818909,3455.76734618526,8807.457384662484,9302.9876675216,-113.99017461150561,-3790.301171217617,-3693.827562689709,2747.304553532673,-1154.6703325678213,-2373.0931881652054,-2596.400602947165,1094.566432083976,-1352.0657155663544,-3690.733128023591,-2596.961709870781,-4046.039798326258
1861,4704.822735818907,4704.822735818909,-1284.1201421410315,3617.007179778736,9042.376483407326,8917.24398483622,-657.1568154577417,-3770.774438736607,-1450.1828934113914,2841.684600567396,-3687.9825661892696,-2804.997307366094,-2418.216450745271,-4022.581412256255,-2673.2407171595087,-3602.7986105899945,1953.7391054635
1892,4704.822735818907,4704.822735818909,-1416.4248407019231,3570.6640016147812,9011.094701865406,8670.37491074161,-3907.066051152664,-900.929972059605,-1634.4639129160564,3875.580466985477,-3738.971332756196,-2816.4330060986326,-2334.1912438833424,-4023.1522774578307,-2557.7063380563045,-3581.4958544354486,1783.1207483107319
1923,4704.822735818907,4704.822735818909,-1384.9886171013104,3533.162892593584,9142.303852573834,8402.724325340643,-4034.0318810334884,-1191.2619478874408,-2043.931188163257,4871.035476563005,-3719.709380273826,-2932.9228689696647,-2083.748599447195,-4028.670408528991,-2659.292278174811,-3548.5776301491414,1677.9082526580614
1954,4704.822735818907,4704.822735818909,-1374.217027693498,3350.522246067204,9244.26510928808,-3006.728000880422,-4051.1778312284287,-2726.468709508081,-3556.680033427214,1690.6775121342707,-2046.0596826621477,-3807.3915371925723,-4056.888833197809,-2015.593794563763,-1727.36988618122,8771.6041216235,5311.506347422106
1985,4704.822735818907,4704.822735818909,-2243.3739087001404,3027.0491590740776,-1508.5334558011973,9251.90135677339,-2341.4486052819298,-3967.3599949749087,8979.991867439607,-4077.7552218062724,-3944.8400505442514,-3572.8592007545603,-2605.6822389884196,-1770.576551984992,6284.670687177874,-2983.549494442303,1472.3656528140373
2016,4704.822735818907,4704.822735818909,-2603.6569344390678,2843.7692868162194,-1682.2222025572487,9241.340118401615,-2676.9822681111696,9185.184499697454,-3793.462910496363,-4107.876199566857,-3593.047437527629,-3973.205608016755,-2484.0443807479874,-1618.069895932069,6719.905688290553,-2985.5601892477275,1527.928433437034
2047,4704.822735818907,4704.822735818909,-2856.0940396035703,2759.6309408907837,9008.577919916299,-2685.5623469646716,9272.573852531663,-3733.6574198308554,-4160.843630402721,-3547.479407679239,-3977.435666887104,-1671.5275679020638,-2388.844636654948,-1570.5555159304154,7150.222022693781,-3042.7514676164546,1443.746963439521
2078,4704.822735818907,4704.822735818909,-3204.153082413202,2626.147093257455,-1795.0088922923596,8600.89639855847,-2811.4152074703793,8983.195523387338,-3561.7527692287586,-4130.011634026921,-4063.699286314516,-2110.444697593821,-1441.70447434569,8371.135829327613,-3217.469971214898,1183.4191745033195,-3429.1340041336352
2109,4704.822735818907,4704.822735818909,2443.4285765765007,8114.100066157558,-2125.742136350999,9944.883135050288,1007.3734927570713,-3339.1370724208746,-4152.66157768331,-1713.7035030614115,-4094.9182306681328,-3427.9254382744766,-3192.961725323385,-3550.2526935938204,-3071.096766381794,8528.978043487785,-1370.3641702709747
2140,4704.822735818907,4704.822735818909,2275.5425830871063,7847.05818501435,-2392.2154802895043,937.3914665396405,-2659.1087161872865,10735.521972335502,8181.038629079911,-3246.4717406905547,-3824.2607536637943,-3227.6964374672625,-4194.988090349246,-1443.2781032850903,-1497.3058555636262,-4058.5736277006354,-3432.654030859506
2171,4704.822735818907,4704.822735818909,2105.559316830121,7687.676824604115,-2541.3990534458794,1007.0313167528338,11126.336770487174,7786.972173701642,-3415.785144234133,-3133.8409983590473,-1349.4224136923258,-3984.810232932863,-3317.645974365353,-4183.2528390962725,-1616.7154652887466,-2309.312817068735,-3861.3914638925507
2202,4704.822735818907,4704.822735818909,1945.0978948038328,7346.456124804027,-2682.3238732090576,1110.6997029827244,7218.495518159286,11894.480589123857,-3318.6463917256347,-2061.544852986095,-1955.8640579443586,-3898.067140362067,-3906.180633495718,-1269.2571539308024,-3466.5205122665457,-2773.6867694955945,-4183.138444457843
2233,4704.822735818907,4704.822735818909,7226.431958908899,1892.540095412899,-2673.033177733946,7297.718049183362,1008.4527794578999,-3543.0967353173755,-3337.657969845405,-3848.0096540422305,-2223.220766308408,-1382.4133956739188,11757.058178042293,-1387.158022583325,-2670.8482200173366,-4183.02314526443,-3933.739974218974
2264,4704.822735818907,4704.822735818909,7165.52571204673,1812.0836529637618,-2771.1756267951087,7255.284111537743,-3697.9767572663027,-1244.0726950633552,-3253.715730757165,-3305.8655638029422,-4141.9473922091565,-1444.1821733607503,1070.5887915319208,-3578.964686901033,-3900.0691051535578,-1740.6509122220764,11775.138375451292
2295,4704.822735818907,4704.822735818909,1389.2886399820436,-3138.8821857044195,1371.3087412417844,-3500.266289605548,6759.114050816869,6960.58490700056,-1143.2692723527148,12782.847479595941,-1408.5481001440448,-3659.5820621381185,-4107.01522791178,-1538.3005691501535,-3451.6275148104005,-3951.02284279735,-3364.629754022655
2326,4704.822735818907,4704.822735818909,6730.239576795685,1434.8265202013745,6506.234247319658,-3363.74859449239,1451.7088866856984,-3536.592259554062,-1006.7214960819629,13380.583150946022,-3392.352496062866,-3676.9395368992355,-4048.9347682328926,-1481.8029059793353,-1224.7436942100726,-3971.7759224706224,-3799.9807079649863
2357,4704.822735818907,4704.822735818909,6314.521538107521,666.0839797108083,14654.258161247826,-3490.0712533349706,6279.586583206625,-3469.4594729997616,-710.9689563024162,-3706.004147323959,-3461.165258566147,1665.713433642677,-4063.7290961235685,-3804.0936607216227,-1357.2525835828014,-1444.6824852363138,-4072.7367817238905
2388,4704.822735818907,4704.822735818909,13.281946480547049,6462.632812190341,15059.112848097075,-3743.950946778453,-3637.365390614583,1739.994300743927,-3465.6384913282723,6269.837950865351,-3572.4513003822985,-525.2640798851435,-4023.085413058258,-3833.7802718999606,-1159.8084330517322,-1457.6411948662194,-4125.874336512321
2419,4704.822735818907,4704.822735818909,6832.3256485851325,-561.8942381252036,15151.254891948427,-3505.427680517935,6239.929094858218,-484.13042753151694,-3601.9356655423635,-3727.016644615078,-3659.779086417502,1612.1238878528102,-3973.7353129452695,-3796.8666070586955,-1053.6142960813813,-1338.687101148299,-4132.546463261343
2450,4704.822735818907,4704.822735818909,7165.337071019154,-1383.3672570963363,-350.49123078660614,-3636.182157344592,-3476.8185036002815,5735.559890032873,15826.248903498808,-3725.5122081329487,-3683.536689054844,1609.9791490050993,-3912.401736060189,-3810.2814718867767,-911.0994834004691,-1310.5902650225257,-4136.844011170363
2481,4704.822735818907,4704.822735818909,7337.218960531569,-1658.1235190295629,-3640.4561282650156,-3688.1451846291807,1548.3804872051169,13.019025701185456,-3686.8117318635223,-3397.0078999477155,16229.60638186298,5067.186531883481,-3913.855187566527,-3782.784224740805,-1002.1817748728299,-1299.6652060673314,-4126.380530201835
2512,4704.822735818907,4704.822735818909,7499.902236953413,-1970.432593453123,-3613.539321105134,-3743.129412482324,1471.3098722196037,96.10776470830115,-3735.4132160236522,-3325.9165854492176,16081.976125355126,5185.77092937884,-3877.602335799014,-3778.0984648015237,-1029.2208046465662,-1155.7655194460826,-4105.948675408626
2543,4704.822735818907,4704.822735818909,7555.3407469702515,-2213.8683776854705,153.4928519305413,-3212.6441900357286,-3833.9298990844363,15959.849453053681,5343.23628924314,-3602.7900052491145,-3751.6758058132136,1352.2341647403655,-3814.584499855355,-1018.476052962736,-1051.621253797436,-3753.939695047624,-4110.62372640685
2574,4704.822735818907,4704.822735818909,7534.743463725524,-2360.850408461315,73.40498574095272,-3901.1873579642793,-3134.131794637698,15954.138530046544,5484.035491098145,-3580.744477764131,-3722.3498189252136,1194.2503582653835,-3742.990085305893,-846.625211371053,-1093.316524511029,-3730.9142667965493,-4127.462883139375
2605,4704.822735818907,4704.822735818909,7546.242150015628,-2453.8708070784446,-140.05663061075484,-2957.90470067787,-3957.6193029913547,16116.330860366605,5590.877148197501,-3513.0690844824057,-3709.687053796572,960.9655609712263,-3745.9407379727527,-710.2938300086157,-1216.802581179662,-3715.183435436748,-4093.9875553157626
2636,4704.822735818907,4704.822735818909,7568.35992974102,-2447.953278966626,-3488.775145018359,-3751.9987836215496,780.201723724861,-350.23890305553687,-3960.2928231388855,-2745.89558094105,16239.131198322799,5694.838952933729,-3723.427933942138,-530.8880002605792,-1490.5529481352837,-3703.85644651783,-4088.6519611245694
2667,4704.822735818907,4704.822735818909,7568.35992974102,-2447.953278966626,-3459.524507460957,-3808.357987118572,757.4940770019848,-254.33477308283727,16206.727028194333,5713.021585337114,-2642.0851919561105,-3910.506285357872,-3758.817978612293,-516.0323884008012,-1685.630846912195,-3686.5109980219604,-4075.8483843842273
2698,4704.822735818907,4704.822735818909,7576.154799435939,-2442.4658427305358,-3491.146958614737,-3869.189715810871,657.3526847772582,-41.5028118219534,16126.025325004315,5721.503509492892,-2647.3338651877425,-3876.5668836115087,-3741.026918007734,-440.82115653122673,-1744.2419126151717,-3719.8750115762714,-4066.865242202648
2729,4704.822735818907,4704.822735818909,7614.536762832579,-2406.1414036597066,41.860928209966914,-1951.2232349605874,16296.668183091006,5739.299663071272,-2621.123923835651,-3923.100060583076,-3436.814660635116,-3887.0008468039778,375.71090102677135,-3782.6991792416293,-317.6231350478856,-4070.829835324239,-3671.5201581397114
2760,4704.822735818907,4704.822735818909,7650.4081550883975,-2400.6724426305673,-3753.5706644378834,-3374.355942372948,-118.44995840266256,294.92408373443595,-2042.5564176324415,16281.017685138791,5712.5993468353745,-2599.04235181847,-3861.4805951812227,-3752.1111559159863,-261.7765165803512,-4076.5008473941584,-3698.432378430292
2791,4704.822735818907,4704.822735818909,7644.358323224745,-2434.3317184829248,-3825.5099886981634,-3171.2249620352495,-126.3391497881612,539.4219903678431,-2265.2318943837936,-3760.8000134904282,-2449.7234619444052,16117.304228673333,5693.530868956902,-3845.3838627353043,-324.21901624524435,-4099.814172026887,-3692.037171392269
2822,4704.822735818907,4704.822735818909,7680.37626262633,-2382.877759956156,-764.6675059227578,693.1888142668786,16076.113808333186,5690.255390149517,-2295.3634651911257,-2449.3290290346076,-3637.719490928762,-3376.5131131524595,-3470.927900549289,-3851.9803809622836,-152.7035184866545,-4062.2780990805672,-3695.5740121112603
2853,4704.822735818907,4704.822735818909,7696.111220498807,-2092.980268380383,5758.347096283706,-2313.729961228407,16084.520760479245,-3384.958443040402,-3238.7866997967963,-1192.084344085873,-2728.304871817819,786.99694738155,-3606.6309447065246,-3896.2422905762405,-219.06331202807723,-4065.5141155658957,-3587.680773416874
2884,4704.822735818907,4704.822735818909,7696.758996040621,-2023.516602105305,5777.237798177131,-2323.0597189353066,-1260.203093594193,16009.06476333888,-3295.787434016558,-3198.684425351804,-2951.1575606013303,994.7092585895662,-3646.9399431906386,-3944.1231612518795,-345.7355376935202,-4022.1040472351906,-3466.4592921704552
2915,4704.822735818907,4704.822735818909,7695.64119109523,-1994.8809072650984,5725.5772444813865,-2350.7693112870847,-1284.6934685442425,15832.703406646442,-3317.8496019149866,-3199.6704208788506,-3948.973776866383,-4040.7238198578198,-356.65030284101795,-3000.9932988273877,1206.828715872458,-3578.7555905521012,-3386.7900592605383
2946,4704.822735818907,4704.822735818909,7694.449366097081,-1897.4912930463106,5694.438304655004,-2378.4622167957004,-1304.1731684465226,15662.118570541395,-3326.3697407255722,-3201.3545171446303,-2985.0081018127426,1310.636671850235,-3422.481388932615,-3948.8285158818235,-500.00971276528526,-4037.7235731382825,-3359.7406844542165
2977,4704.822735818907,4704.822735818909,7694.449366097081,-1849.2375217476915,5672.507583707514,-2378.4622167957004,-1309.9621146832392,15474.418390330975,-3357.7142626699147,-3216.6358886361504,-4031.597010436305,-3252.4400833160207,-3070.7265151038428,-3297.1630515729235,-4009.602983205971,-549.6286174221286,1481.7949254543337
3008,4704.822735818907,4704.822735818909,7693.194118257202,5677.047701355256,-2406.053041775578,-1327.377571753908,-3181.752368361716,-3155.9546572817867,-1790.0089664927864,1630.3061399336239,15273.925938699584,-3344.1949994455163,-3177.501849885566,-4006.3540388435163,-700.3040720447079,-4036.437403799315,-3148.5349285612565
3040,4704.822735818907,4704.822735818909,7639.270280692854,5694.528503160182,-3084.0205646519203,-3039.117488045682,-1678.925983209806,-1360.1605020130155,-2610.4877157270844,1632.688298821642,-3295.9246395580776,15326.41436580277,-3225.1976968059034,-3976.3274907643627,-846.8706583308453,-4069.2835944874737,-3106.585114883278
3071,4704.822735818907,4704.822735818909,5709.071057478905,-1752.0395758135555,-3054.0666183412914,7654.385292046003,-2986.3705529856434,-2879.117003407644,-1552.9660721604614,1662.388451386636,-3181.101125950955,15715.037654849011,-3081.70428758687,-3980.1689072997037,-1098.2797359590604,-4078.582851921881,-3096.4857243334845
3102,4704.822735818907,4704.822735818909,5709.406347317637,-2915.7700780943196,-2761.663516458535,-1448.2066008931474,-1953.2854592137205,7765.2693229111,-3393.529089952419,-3168.6126281180614,1743.67656137833,-2759.4332460598343,15803.458794208887,-4046.072209775415,-1418.3107956750055,-4097.9518364010855,-3058.9755651743953
3133,4704.822735818907,4704.822735818909,-2024.6180081243388,-3437.591459568246,7618.07130969434,15758.71697355573,-3368.7639924804585,-1363.4408564591781,5693.623639635374,-1603.0203964357565,-4111.7421979110095,-2367.091745653781,-2754.1903523375604,-2865.960023173152,-4050.836135663979,-2948.564624909671,1825.407869831687
3164,4704.822735818907,4704.822735818909,7776.27066531674,-3581.1520433985906,-1233.720965313058,5695.464320851931,-2738.242596265052,-2805.6583932962158,-4036.5272209117006,-2782.5210167325567,1846.668829969366,15550.753836372947,-1702.3819486716793,-3407.886696788459,-2292.6443603223356,-4105.689360761076,-2182.7330500502453
3195,4704.822735818907,4704.822735818909,5695.46432085193,-1193.2080530303965,-2729.4723981507173,-3625.980570545481,7749.267966401392,15557.08277407432,-2281.873462144298,1901.496260974176,-3453.227898313917,-2391.903798481961,-4009.1890483908965,-4101.052625421441,-2681.9390255965823,-2744.3481071535234,-1691.1163350726047
3226,4704.822735818907,4704.822735818909,5695.464320851935,-1124.2188167423533,-1876.5919445089658,-4115.343548096138,-2517.2095720434872,-1750.3769650379327,-3717.028290172119,7730.417998527396,15582.232316764432,-3564.315929456846,-2774.287404364857,-4029.851503100139,-2755.278413473506,1898.6677891050913,-2682.2800382524883
3257,4704.822735818907,4704.822735818909,-1107.4679752528145,5619.377864974794,16024.06816165195,-2599.891074486151,-2436.216931980215,-2776.070015337954,1869.7885888103647,-4109.752315339412,-2020.0649766643787,-4012.769384228396,-2703.672359055515,-1484.7325676951227,7226.89099883484,-3886.9219607922732,-3602.5660534397
3288,4704.822735818907,4704.822735818909,5507.702748079838,-3953.1957663232665,-3973.171960323971,-4089.5596505780995,-3705.781704466365,-2875.9731787111873,1680.4236398633511,-2881.2079476693116,-2578.8890394597415,-1073.4895559066113,16556.644681566813,-2000.2362651898775,-2211.1208264105912,-1290.2864979592537,6888.141323488288
3319,4704.822735818907,4704.822735818909,-1131.0643476417895,5375.139347582313,17118.3553574268,-3173.387731689181,-3988.1893228245076,6465.900707545297,-3766.4618224691917,-2797.995618826487,-2478.922718607651,-2359.722072638421,-1755.6008637193945,-3932.5324117785076,1541.9474332099326,-1151.1758464507207,-3966.2900891184922
3350,4704.822735818907,4704.822735818909,-1086.1503499256523,5370.607784406376,-2462.8410696919723,17363.043459426826,-2702.755895602374,-3295.1881877372252,-4031.600186111053,6002.696099427266,-3670.026126207904,-2272.8099825314544,-1680.5312776333626,-3927.3162988820504,1509.3840009028281,-1202.138866886282,-3914.3731029539485
3381,4704.822735818907,4704.822735818909,-1127.3406006595246,5370.607784406374,-2463.006322632916,17475.301818371776,-2534.444794259432,-2552.121627761595,1532.9081229956755,-3828.422438429017,-3699.566431966662,-1774.2463536293626,-3505.041932761432,-4063.842485676815,-1051.7841480185807,5918.471712695914,-3697.4723026743904
3412,4704.822735818907,4704.822735818909,5627.113256831824,-3721.8944567454046,-3732.346534292524,-4087.7018445185995,-933.5707437220372,-3426.2066238137463,-3646.7418929654864,-2991.8292528581487,-1624.1080830805208,1569.7242334616958,5370.607784406373,-2464.6175071525354,-2546.931573807007,-1165.5514266841265,17774.054664940246
3443,4704.822735818907,4704.822735818909,5373.853746603494,5370.607784406371,-3445.3113950280363,-1239.972876148558,1507.3789395820886,-3656.9526703177967,-3043.7681047010537,-3823.2613048019357,-3699.395838437762,-4093.1385799742493,-1033.6755771291992,-2462.1550233840494,-2718.2601684582137,-1136.8845079445173,18100.93557573342
3474,4704.822735818907,4704.822735818909,1486.5351826763826,5162.611808531538,-1149.688011432102,5370.60778440637,-2462.142097374047,18326.204279543497,-3550.6209303084925,-3942.32164324773,-1224.5650551445133,-3771.159490068051,-4066.488801399,-3618.604005977052,-3009.9636523311938,-2796.103043940155,-754.3023239354652
3505,4704.822735818907,4704.822735818909,4832.165392546604,-1180.6047044606312,5370.60778440637,-2464.384974480643,18505.016833482983,-3428.761405153847,1657.0839586130824,-4055.785446906927,-1396.5791868033348,-3803.453961573873,-4032.699706570954,-3706.5631681266104,-3045.0835267450184,-2746.180095040799,-504.7777931863902
3536,4704.822735818907,4704.822735818909,5370.607784406371,-1180.604704460632,-2655.13862318344,-2464.048711976749,-3741.503185577637,-3836.6995754340915,-4086.421669996079,-3966.130005571489,1736.221660436163,18706.410944213327,4490.691384352283,-1346.2685939841076,-521.8886234090542,-3121.5078096610605,-3383.720270153799
3567,4704.822735818907,4704.822735818909,-1180.604704460632,5370.607784406371,4169.911699480992,-2553.3918147814074,-2463.3759355765997,18896.4758873741,-625.4783119574572,-3766.218795457913,-3299.5453436711878,-3125.691636769171,1835.3772728319746,-4122.723365207355,-3912.0659701418363,-3886.2054544675393,-1337.071311602328
3598,4704.822735818907,4704.822735818909,-1180.604704460632,5370.607784406371,4078.1567713707773,-2449.699688135713,-2462.9272320196455,18925.071532586837,-805.2399060378907,-3714.1673933436437,-3270.388420738841,-3149.9705463085343,1878.9260149595666,-4120.3681120425435,-3988.7645190628177,-3761.824156471915,-1348.8074247013806
3629,4704.822735818907,4704.822735818909,5370.607784406374,-3639.382531146877,-951.5021555543553,-2447.89787768125,-2416.752438218594,-1180.6047044606316,19063.98116721693,3952.176272106569,-3250.260965559089,-3133.583355017001,1995.0909671964891,-4136.040374119237,-4079.9917813393713,-3705.90003054992,-1439.9399772800207
3660,4704.822735818907,4704.822735818909,-1169.4519909050064,5444.14735963255,3765.210606783048,-2529.660178546428,-2399.6752715124485,19076.92447497572,-746.4799876803695,-3743.046465071511,-3233.5428380103303,-3137.7555227466155,1969.2620505165569,-4102.271225063149,-4152.301608301107,-3535.255730621193,-1506.1036734497206
3691,4704.822735818907,4704.822735818909,-2651.0429394763996,-3842.613701588832,-1132.8801780694075,5789.3613551801145,-2441.800822526083,-4167.0684104732645,-4094.850114447982,1626.9017819276314,19010.781401349795,3799.170425758891,-1627.0212516753968,-3213.6519554423403,-3142.3205434838646,-3512.017576938275,-400.9474700945975
3722,4704.822735818907,4704.822735818909,-1158.5449259738648,5787.8356394177345,3130.4099811545993,-2618.879584803932,-2440.0735330286793,19087.53512595762,-404.4063173596496,-3813.9644315311916,-3183.5988496077957,-3093.141933694753,2085.7559956053756,-4025.8151000781436,-4188.253247366382,-3435.4805752185803,-1729.3782434723448
3753,4704.822735818907,4704.822735818909,-1096.4753179600034,5742.555203704275,18695.11028461408,2347.00944796724,-2303.764309976642,-3845.9336639969424,-230.05684047587056,-2760.282249877396,-3163.461775878526,-3114.6488980671647,2691.0100747817196,-3930.650127371877,-4179.701335155202,-3350.297018432754,-1500.4134738749462
3784,4704.822735818907,4704.822735818909,-1077.783806064996,5740.201948407347,971.1781997604003,-2785.618602100697,-2296.5651758771937,17953.916028452477,-292.92933261844064,-3840.530024815439,-3117.2772246722907,-3075.755429682426,4441.766816227687,-3792.25320993489,-4165.300265716332,-1410.3238879854698,-3252.726033379748
3815,4704.822735818907,4704.822735818909,-1063.0635137183754,5753.619990589732,17069.59774250613,-2231.823623266547,-4169.1335157306485,-187.52691567345846,-3809.393052718203,-253.9568683186153,-3019.3701921485053,-2925.8919742791622,-3177.1531273958058,-3746.03381043778,-3119.856028502207,-1088.526231945587,5968.511121039037
3846,4704.822735818907,4704.822735818909,-997.6871095936199,5768.305879235146,16239.508929172209,-2232.886807220095,-3026.4976996516953,7514.058859366072,-764.6861491651894,-3771.999580606085,-2952.826501479256,-2986.955232747416,-439.657135225978,-3711.60350174346,-3160.1037109509803,-4142.2689252989585,-1334.701314090693
3877,4704.822735818907,4704.822735818909,-930.4022118592775,5783.040749538488,-2190.8082847692003,-3724.154070439502,-702.3973083699093,-3040.9467896731803,-2923.285283157736,-2919.0535913328504,15673.665787215845,-1506.9796438053804,-4139.860850788019,-3693.9157222176796,-3125.98999333736,8689.125053425563,-1248.037840429799
3908,4704.822735818907,4704.822735818909,-907.4746900966243,5740.62050958988,-2072.370142721258,15842.255343900959,-3574.249377475956,-1054.0167983829106,-2838.015533779682,-3107.5734432458416,-2883.3502964162835,-1586.6006990842266,-4140.389772626569,-3693.031124902591,-3120.7839197229328,9036.15806042309,-1641.178115459053
3939,4704.822735818907,4704.822735818909,-908.1774868764314,5746.542409502563,-2910.58502993612,-2048.5783580526786,-1539.1227523047196,-3420.9670428834943,-2853.7267908483464,-2864.8783143692485,15777.004782769573,-1650.6695629085589,-4135.682001251202,-3621.6360636200925,-3050.027641567355,9416.32477945554,-1935.8209271094256
3970,4704.822735818907,4704.822735818909,-912.3120398233646,5776.71980890745,-2730.0809509544297,-2106.869433303839,-2046.823509341306,-3154.30584766551,-2860.290336319875,15808.974250912315,-2868.077511212532,-1754.4982033929364,-4123.5455068627425,-3579.147828184178,-2994.8591917620456,9529.552382290847,-1984.4360832878547
4001,4704.822735818907,4704.822735818909,-912.3120398233646,5776.71980890745,-2609.2964699022737,-2151.352066654931,-2317.00596626667,-3013.335105028676,-2870.3960143632644,-2840.8574761708524,15851.14468778802,-1717.5967877689504,-4115.760147404207,-3572.7549660952636,-2997.8219653010606,9608.801587417522,-2118.177079333478
4032,4704.822735818907,4704.822735818909,-912.3120398233646,5776.71980890745,-2606.929361077351,-2161.2587990914335,-2329.330460405457,-3023.1723346209524,-2829.2751575303773,-4118.611877476973,-2322.1554163870924,-2976.3758724156423,-3594.256283724111,-2841.4206390189665,-1585.1866942341721,9939.027292582394,15584.537834316054
4063,4704.822735818907,4704.822735818909,-912.3120398233646,5776.71980890745,-2460.684321897327,-2113.809315079711,-2696.678776856308,-2817.822299745577,-2848.4774535380907,-2830.29041003898,15574.624034299706,-1583.9632858177788,-2987.22766298009,10107.312516423444,-3585.3236781406413,-4116.117183399827,-2505.9499323129066
4094,4704.822735818907,4704.822735818909,10276.018659966516,-912.3120398233646,5776.71980890745,-4091.4598538016016,-2885.184872590728,-2929.5794018054003,-2878.1058139611296,-3494.582416789446,-1490.0430936621578,-2826.2063322950025,-2838.0356711396107,-2353.540607390565,-2050.095092919002,-2851.216386943427,15547.623114247477
4125,4704.822735818907,4704.822735818909,-2871.9103978163644,10263.286202854306,-2946.637766144326,-912.3120398233646,5776.719808907448,-3444.284539811973,-1512.8578629996482,-4065.8446060747247,-2916.806035620888,-2839.500971112691,-2855.9843427127907,-2341.586363901281,-2054.2696611514707,-2828.4136676320268,15550.40224303979
4156,4704.822735818907,4704.822735818909,-2856.839946105725,10199.489272577714,-3191.9947641208087,-912.3120398233636,5776.719808907451,-3358.5278759583143,-1321.8858946213131,-2871.5479670390814,-4021.930008090701,-2857.3631586220126,-2847.5695668606404,-2356.965825999304,-2069.266521156792,-2844.090264856684,15534.084751769591
4187,4704.822735818907,4704.822735818909,-909.069246868446,5776.719808907451,-2839.731748531908,-2403.1342761062892,-2101.217734482646,-2831.71587714566,-2862.13515627363,-2859.147581536534,10366.515292502121,15140.298850706033,-3260.947065934666,-3301.9421718660133,-2775.9477825268405,-3983.2340961679765,-1155.3112146749809
4218,4704.822735818907,4704.822735818909,-821.9815706067839,5776.719808907451,-2107.1093939879547,-2439.2355722609573,-1123.7541384814613,10419.871068999026,-3357.817581596011,-3975.840113872452,-3270.000207881787,-2822.8387098839094,-2850.4707812517363,-2853.3518766512293,-2845.840855679935,-2859.6525221761503,15131.30244642391
4249,4704.822735818907,4704.822735818909,-725.9222233678711,5776.719808907451,-2813.2870492791035,-2414.561767830732,-2143.7624792605393,-2886.0786249788766,-2860.0371107159626,-2837.0060463619284,-1160.9952432198697,-2899.5097437574204,15123.3232268176,-3405.4988525877443,10479.734462996905,-4006.8667273736924,-3226.251629988196
4280,4704.822735818907,4704.822735818909,-2868.6796941483008,10787.62708083002,-717.7473273898627,5776.71980890745,-3192.6042306922354,-2806.362705346877,-2840.5732149051623,-2566.1288068019826,-2066.674297835084,-2828.4764175964838,14658.907191054173,-3404.357797127312,-1009.3067546384027,-2913.962381070106,-4008.3804532398294
4311,4704.822735818907,4704.822735818909,11122.566389743768,-642.9167737894204,5776.71980890745,-2110.1989854586373,-2664.8451006838022,-4065.85105720592,-3191.367980109314,-2826.262341928644,-2828.1544649321213,-2817.5195268255857,-2911.816624410023,-3447.3974928814587,-2837.2290816464556,-791.0971711451898,14235.370402365357
4342,4704.822735818907,4704.822735818909,11199.584730866314,-560.0793850073187,5776.719808907449,-4107.713306935604,-3148.1987732552575,-757.0441582621879,-3473.917691496834,-2813.9113684106615,-2741.2134996754094,-2090.8694601152697,-2823.599264011242,-2857.6978958698537,-2850.414649248638,-2922.2930897345095,14170.648002249014
4373,4704.822735818907,4704.822735818909,11316.62256179426,-3165.041500960614,-474.25087196161076,5776.719808907454,-2872.635151335767,-3504.0068678307744,-4091.4490102551094,-597.1653526634327,-2957.9485705131774,-2820.386681842567,-2830.0720306756975,-2811.407075631498,-2092.5536234718543,-2835.593228324624,13959.16759476503
4404,4704.822735818907,4704.822735818909,11314.356588789164,-471.8656764917123,5776.71980890745,-2838.398580114309,-2804.1256988394953,-2078.308643561611,-2812.763128543793,-2867.2470345769348,-4109.421814442553,-3083.9104299799255,-2957.14977253978,-3529.408920414361,-2866.9885569583075,-524.3728728299238,13852.884731596087
4435,4704.822735818907,4704.822735818909,11316.274349717933,-441.0442420955278,5776.71980890745,-2835.4254871321273,-2833.9317324320446,-2068.173517807998,-2824.529632706669,-4129.336818917145,-2986.5624947641745,-3583.7374567412626,-485.6228275288522,-2869.5670626207457,-2870.0565807748562,-2980.523937435771,13815.517632331788
4466,4704.822735818907,4704.822735818909,11347.611212833777,-494.94909500305675,5776.719808907449,-2835.3176398199257,-2756.748865725307,-2102.138419206009,-2824.6885427789653,-4150.035071446593,-2857.2680784821914,-3647.6497848238587,-499.8839266307832,-2856.095588148499,-2860.1735532198736,-3022.8784682804844,13783.496011824314
4497,4704.822735818907,4704.822735818909,11325.486976006356,-2677.117944417293,-536.5145405220874,5776.71980890745,-2842.5857174315443,-2547.272099290479,-2197.800772473146,-2927.350914690461,-2856.311832365058,-2843.347193065946,13739.92945053382,-3666.006888274201,-4157.571616233379,-3046.328160781666,-543.928555902362
4528,4704.822735818907,4704.822735818909,11295.100039737263,-2645.8616904886494,-598.1881604063956,5776.71980890745,-2813.625402728446,-2265.058204685723,-2306.5710873139437,-3012.5233033589902,-2875.426620683355,-2831.241375373923,13707.509159826046,-3680.4262207738375,-4147.9474453738485,-3066.637175675125,-535.8223216085144
4559,4704.822735818907,4704.822735818909,11232.55857097627,-2524.6407847121354,-675.0486887003558,5776.719808907449,-2829.3698409577864,-2237.7021222792123,-2245.805077407133,-3015.4476602508275,-2829.423969350752,-2845.8091606899625,13695.80534476192,-3705.959644317156,-4148.114543982202,-3086.624451279166,-561.1377807189674
4590,4704.822735818907,4704.822735818909,11236.948006631064,-2350.9245873652376,-744.5090674067451,5776.719808907451,-2853.5608807352037,-2547.6161449287615,-2115.343016043617,-2811.515867041154,-2845.230994014852,-2838.0952812495057,13662.72582033358,-3762.214066328679,-4166.110135520153,-3119.0343067741214,-522.2392884640585
4621,4704.822735818907,4704.822735818909,11304.718172877056,-2304.2750013915766,-710.1850730054489,5776.719808907451,-2809.685589028904,-2610.180131077344,-2105.9905655871485,-2807.1531212362233,-2859.1337733574233,-2855.8710319563825,13676.883838664744,-3791.064181621496,-4168.761743760526,-3174.09594341535,-561.9256650114103
4652,4704.822735818907,4704.822735818909,-2110.3204683350223,11320.43663440026,-2657.251386406183,-2808.4613313894497,5776.719808907451,-659.126897593881,-2822.277522241983,-2145.4336815106094,-3851.180315304958,-4170.138356332093,-2856.168567185439,-2843.1451564829313,-3232.121575042855,13641.843260682865,-583.3744461651495
4683,4704.822735818907,4704.822735818909,-2132.341278488455,11428.27363941706,-2689.786379031544,-2785.9750843469865,5776.71980890745,-664.6727895597692,-2794.0305714180486,-2183.9008532805065,-3866.1781255036713,-4182.555272563874,-2886.154032854644,-2829.8052821652523,-3277.441337564853,13626.471536405637,-538.6239779525422
4714,4704.822735818907,4704.822735818909,-2107.393335150191,11385.825280316794,-2847.5558883216404,-2683.2901163779698,-2796.690108082394,-670.2006668370259,5776.71980890745,-2201.704506237362,-2861.4361738303105,-2879.0157767410037,13603.817477547947,-3832.288692471839,-4154.170776015029,-3230.6110374410086,-502.0054892664093
4745,4704.822735818907,4704.822735818909,-1968.8213377405978,11346.117402345331,5776.71980890745,-675.5638666082987,-2212.3550609125477,-2722.348634204185,-2821.9252639143833,-2839.1020295222006,-3811.9311090660913,-4136.570331049348,-2873.8467625561207,-2864.439860298732,-3240.9218717616604,13586.902210498027,-541.9132941166417
4776,4704.822735818907,4704.822735818909,-1746.291742303154,11380.157240846083,-727.7032782694764,5722.108983757818,-3263.677536795234,-3889.1367222291974,-629.8496912989649,-2889.790414677982,-4178.417552255132,-2834.2067829373636,-2882.385867791419,-2665.298919555741,-2168.604771063789,-2801.357604478005,13574.454659051566
4807,4704.822735818907,4704.822735818909,-2897.3976972678265,-1654.7328894108232,11440.034312079391,-775.0035295206485,5706.503578561613,-3929.113234162085,-646.59636738992,-4184.326325026074,-3324.3678515062197,-2809.3789329101983,-2874.316169182661,-2651.2561165700017,-2164.8377396242176,-2805.2955532162746,13570.084515145945
4838,4704.822735818907,4704.822735818909,-750.7134059216814,5706.503578561613,-2179.9487615590306,-2893.439564888463,-1481.7392704483605,11710.951363109254,-2689.241784861303,-3966.0751820314276,-681.211613805478,-4173.835608204475,-3357.0905703757244,-2824.0864519549027,-2851.286650696122,-2812.634666564082,13243.848589640182
4869,4704.822735818907,4704.822735818909,-727.0928925634016,5706.503578561611,-2865.4665138963583,-2860.7298015324777,-1321.864205539192,11925.462784253852,-2195.5478527458836,-3944.490198035892,-619.0779159827534,-4167.8973276024135,-3346.175914452636,-2814.181087623282,-2856.6049288904105,-2707.8212937713065,12794.983569820544
