Tick,Region0,Region1,Region2,Region3,Region4,Region5,Region6,Region7,Region8,Region9,Region10,Region11,Region12,Region13,Region14
32,8205.401153080415,7463.15805706172,439.77012705972777,799.3719009430982,2470.971432238649,1448.113805218805,1175.1146347293602,12488.474796486189,627.7704558195697,555.575005957217,1824.2820252123797,12948.247106943032,2848.458932844639,1970.6518995127967,15545.357389457526
63,2729.612849859614,1881.7071181541469,1617.5092451690527,5637.302062235032,531.3228431657767,12981.02758613209,9552.694273966334,15254.969590738989,718.7567506057001,2166.4752390752406,13754.48408929695,683.775139922983,1481.8057941458783,717.3489479014521,1101.927192195889
94,5523.293878901109,510.76675689937167,9463.056331038055,1586.386198256412,2731.964232459883,1900.9998947790407,12776.608400949977,15238.725877372503,794.8893392713919,2038.645023156163,14127.65236241543,752.3058554030414,1443.44434594741,780.6918341756049,1141.2883915397344
125,516.6307898785154,1514.0755401420606,2623.16992484273,2052.170213121045,12738.252457603616,15160.470127743238,855.9507855279736,1943.6534128345875,817.8313897614438,14486.741500946762,1222.914575657483,736.8437811025726,8982.990295854386,1436.9448297988156,5722.0790977499
156,525.1054579246966,1452.700699469893,2499.71410205902,2008.3081964912426,12691.553777165363,15348.066084899096,1230.9453622728379,711.8651710637079,8444.261964137793,1435.0112992939098,6000.833762613932,914.2345262859156,1896.7453699799516,849.2576773488895,14802.115271558878
187,525.042834884737,1425.181273654347,2342.2684649421662,2143.4768590358044,12727.176432014357,15312.384694140772,1178.4903421272677,707.7319729935397,8273.727463567098,1420.5094241825254,5981.400598687228,989.0680982872354,1839.500690720226,853.5611399253654,15091.198433402458
218,534.0925554420826,1425.2936587368367,2223.292543812564,2357.66374633243,12687.994406751439,15265.303909669821,1069.0317480054637,1843.6009033723524,846.7993441433435,15299.098807325008,1087.6785011629236,720.7235909583563,8170.00169859214,1390.394986617203,5889.748321643165
249,571.4914131746884,1504.6999146793364,2135.6287583286403,2506.601573913174,12686.48234942592,15271.60079795344,1119.7604617612606,15481.303553747657,803.1270264031323,1836.4467852408716,1021.9659007644652,668.4840549333628,8478.514710320918,1348.9676971252609,5375.6437247929925
280,576.9007853119958,1584.3638340166508,2122.530021625054,2677.2462048294715,12571.497828030218,15334.484574635517,1159.2592537289843,15591.579986720068,737.656560050577,1914.3760483521132,909.3698003321314,628.0257747167569,8426.160748197028,1339.153922109937,5238.113379908619
311,1645.8187695181427,15476.371752764975,2763.778825238106,2148.224953617889,5100.423371367942,12413.213233851564,8386.246168555956,636.7183028647221,609.71708723854,864.7965952124657,1293.5562629580575,1190.8485129722928,15655.440011630682,714.8319018310262,1910.7329729427688
342,1661.3019710457029,15763.868128232654,2791.50825277338,2319.6265873556813,12168.763871751993,671.8096728546617,1172.3394571612434,15668.910546197018,677.603509570544,1924.852922068159,864.6745450476504,620.7749464628718,1239.4333923517993,4857.256622537508,8407.994297154259
373,1720.9864320338047,16013.295110021292,2805.3305338675727,2575.8439964580384,655.17477547967,4825.610080317863,11835.84747748767,8293.302039870568,753.6806097987185,1244.1576257002412,818.5335069634002,1109.7707154130176,15569.191546568687,639.5783946548156,1950.4158779297682
404,773.9755567479655,8652.562027398964,678.479442506824,1794.1021414820011,2928.924257207394,2687.392584720208,16304.899251007646,4333.393659975176,11510.332604305699,2022.6147909333804,1058.3943582021827,15360.965824724199,832.8652987312232,1236.0708264552147,635.7460981670506
435,652.4999160442185,9005.762156387738,755.8159243594505,1784.950517680215,3061.4315408692073,2642.0785545284534,16603.468674806216,3997.2497165298137,11258.459678641992,2075.2427175191133,1117.048224420734,15056.569861829723,896.190360522124,1246.4270639647561,657.5238144613678
466,1773.8063184645976,16760.752065819164,10929.377018587067,3346.9061846270906,2620.4973487883353,658.3076593951067,9655.829903238313,723.1440273016565,3411.099283679157,981.1073050628044,1230.6542080558097,1044.4807358800665,14912.129829625172,656.4681025270943,2106.1587315136912
497,698.7159088804785,10003.85736776503,671.5450630904264,1773.604628435759,3717.629529207952,2618.084105580038,16813.334473606858,3138.8369510846546,10485.66089846826,2031.7651293418355,1042.2867002962357,14864.286689546256,1097.969180608184,642.0133265910724,1211.128770062082
528,1865.5953320365975,16829.596400317445,9794.614165935385,4322.290982888313,2602.141629028396,709.6018322306734,10348.505369481025,1158.8268878349388,665.5011716419426,2954.818380781127,1166.2720073196713,892.6048817763694,14777.252869725204,615.2687738683968,2107.8280376996436
559,1918.0623049727192,4869.145300412017,2594.08022771142,9097.375600346451,16898.15469649147,691.54103283818,10761.573462252947,617.9826276869121,2798.5738125194043,2219.3799769646193,1125.185888799639,1208.0300038651033,585.0859896848752,817.6541694354341,14608.893628583937
590,1991.4744970285337,5659.895960807638,2487.3844728400727,8219.572359999964,17018.34887584715,14362.174889799091,1265.413316409647,2303.3117722087527,567.1861379779488,777.2241893087989,580.7822071672379,11003.428334833108,701.804412632932,1134.8600492068824,2737.8572464973668
621,2119.4561726519614,6678.445070639416,2427.7536937968976,716.7981784746701,11144.604715080537,571.5905020769329,2744.9697484092553,7065.189734314886,17152.440768324086,2302.0164302953317,1180.4837659242344,580.3021346770281,1281.2034993062491,778.8964309890429,14066.567877604597
652,2048.917128453496,7794.534266216971,2642.950677142001,5881.163473537283,17055.356917381538,561.219586861086,11329.04761389962,768.4241478101688,2736.6134692894093,1272.8846274672376,1186.6071690882184,750.3874203800206,13736.237567214108,590.0547427078957,2456.3199151160725
683,8943.736430863315,1896.8565422865931,2918.218355343572,16888.470028289583,2736.0670289519376,4748.079249879213,11514.34084759355,797.6488249443476,559.1587947304744,2539.906776216925,13414.32106801752,1296.726780872413,734.0171638800069,607.3926172508317,1215.7782134448437
714,10672.228845441825,2945.590549670281,1902.2817719258196,3170.986603059025,833.558553098159,2745.2992188166436,11630.702819276563,557.7542843048508,16742.260936075498,1400.4037368124018,1215.3966540799042,702.4822405800854,13043.547304009177,617.1898137426317,2631.035391672265
745,904.3970706883096,11612.466552251168,1146.3426614096682,571.6171552537847,2752.0542705353328,3364.526048590661,12221.770204529415,1898.4877574550042,1498.3765399402603,2723.676731938288,16621.304066914672,1541.946061910799,12631.926234716539,669.6981473361828,652.1292190950606
776,648.6768940227066,2872.415881932639,12577.560875272655,672.7373871634752,3643.0368543439477,12121.935657850914,1864.7306577053337,16525.24401133195,2761.650412352038,1284.6319737423958,11508.9688701416,1687.5911459255801,1065.9212058728187,572.3223715385518,1003.2945233685214
807,12775.568138834296,1192.8600496019135,11454.307129279443,814.5303020630977,619.8700751858064,2828.144683794352,3986.4357490663842,1825.686632897712,1138.965215259195,3042.038760126626,16443.46919979433,1804.5273314704652,11613.289409883593,636.0514131483092,634.9746321596016
838,12958.52431876907,4284.164909352668,1756.5914985826844,16271.461282537552,632.1405905547173,626.3809791078536,10834.23472784916,3473.3034219631154,2828.2805794801748,1160.0003676112017,11403.299478126934,1904.378709559972,1371.102915584126,675.9449889955354,630.9099544903569
869,16082.695233360764,4589.525263923926,13055.54783370388,1778.149927890293,640.5114027913985,9640.42422510804,4294.6694929416735,1126.3473909218683,11326.68799203212,645.7760526343516,1402.4557285103776,684.1261418417917,647.0019968275234,2865.1082522126826,2031.6917878644203
900,4822.05765838073,2060.6556158779767,658.231263080469,5458.452057149565,15868.573209760929,8132.961896283478,633.8699424501413,2160.657477274962,11253.702794199553,1158.734524067811,12912.985817745302,751.1684604914631,1428.2261849002916,650.972312425812,2859.469508476642
931,5007.159377896049,2581.7774443671747,6063.482535995131,672.9609824228903,7138.8651726144835,15613.943315879282,646.0489020814464,12477.83945276994,2303.5819085953613,1307.5033518997611,1456.5225629190045,2895.0612059754308,11167.775435059782,805.1927847100408,673.0042893793494
962,5157.268967678252,3288.5509975796404,664.887217647558,11849.832804569987,1502.320079554685,6012.801701206516,692.1447039795621,6889.481507877588,2353.0010749700455,15345.5733009941,1435.547304186875,2919.7748160502847,11094.91795706065,899.4777361135738,705.1385530958119
993,7676.249892729417,11048.589641185361,1392.115532536126,1049.6907472837165,4967.161614734164,2887.4600977164105,721.7427515075219,688.4747770711407,702.0055820517276,1845.7907582833275,2356.740789546831,15126.790430385565,10996.865975502795,5199.488129285823,4151.552002745198
1024,7332.929725089169,10991.63355288991,2412.101001674828,5096.308359066443,5131.664710095815,9936.04105070567,14847.608929485714,5046.259129684248,727.3223211394536,693.8898032523439,2391.9857686332016,1272.79967279277,2801.72943008448,1381.6370416221387,746.8082263489418
1055,7505.826069215597,11078.172806950262,2361.527286262623,4615.982396308916,738.9154991487666,763.9360961470065,1525.1752547765816,738.9878521801766,2735.023007654346,1237.2530587557103,2760.3334682900645,9863.160266979647,14719.94328824835,4885.462317629122,5281.020054017954
1086,6870.39238802713,1963.1351160015142,11107.518329464834,1088.3244834401228,2346.12080274629,2528.1443650017795,5061.540699840314,769.3257294897361,712.7104910736961,818.1518380228437,2930.467944617035,9695.88955224615,14549.72260538379,4922.205020083069,5447.0693571268275
1117,6729.105413266018,3043.6602123666657,4745.177796035492,5803.023188126512,2330.672385945123,9444.362477032713,14439.797722816802,5133.793822579555,849.0151180727336,723.2808676818963,2447.2781030483648,1078.334391154614,2191.6376037151763,11052.786724187488,798.7928965359679
1148,6509.105087122128,4588.982158142571,5781.625228910372,2281.0998625631864,2429.91311127891,9498.513967470082,3067.355533874397,14345.683594240694,5313.020396795319,874.4890640837408,749.7017672180984,1092.366160282983,2400.036002498728,11074.463245018793,804.3635430651301
1179,6062.505526154807,9599.115308692908,4551.510022647683,5630.195152648591,1151.1877597939272,2522.218182977701,11110.949279037664,815.0062630515415,2275.400084682775,3045.087144835666,2408.8150021490046,773.583300683061,5781.080372532375,14259.185679500622,824.8796431767955
1210,9603.172882264216,4583.5728808533,5536.305142942931,6171.997381509635,14176.031882741594,2232.857508900611,3024.6501328241347,2344.456449817801,5799.020354998154,781.8066092145743,774.0919593019958,1234.2359811124418,2610.163983133008,11088.763304648224,849.5922683025078
1241,4642.11252358302,10129.143784788223,4949.572045681454,769.421774058457,2253.034155613417,5722.199093996153,6414.878794298806,14100.254668075675,3018.2957182037435,2224.851839046326,732.1527041262929,1395.5158511417471,2614.371158836965,10954.59321879163,890.3213923232167
1272,4708.971985897024,10626.227700612433,4393.420270811775,750.0783694267537,5038.070647368455,7341.053780254947,14047.178457209637,2981.4495106074273,669.427069708597,2183.1539590984444,2178.6837371037773,1670.155054907009,929.4888551066032,10759.430123875927,2533.9292005763155
1303,8340.120469035823,13981.838668103259,4769.565590899781,4187.673598230766,10771.038094697016,2943.7103535310594,2075.002694718503,738.8323418209993,4335.872984473915,664.070349915445,2016.866882081436,948.9936218086898,10524.416532951538,2321.8720270112885,2190.844513285609
1334,9887.282677928186,2845.174852333031,4813.741795597352,13925.515796632013,11105.438771181456,3790.300247671823,10340.864224860563,2093.031258654389,2205.749638755146,2353.9175556160058,795.0816381561681,903.6912978240057,617.7153341676361,1997.7500459119747,3135.463587275379
1365,2749.3255773128844,4833.743161527308,11168.617177437302,3665.8886289180405,10161.0406293334,10853.416212453585,13865.725828791197,2037.8167714595018,2130.30478655248,2615.155906784642,859.6712610084718,842.6825048369346,599.4193752247734,1869.1014393316207,2558.8094615929976
1396,11208.270725870578,4814.805009386276,3541.5725613604077,2670.7315201689503,10024.213307975846,11478.630974640428,13828.877965104262,2057.83252030355,2838.527011395979,2006.128566403148,947.5780166151472,747.5246619288116,614.3635057940544,1760.967026687207,2270.6953489304806
1427,11195.805771106725,4752.956521763189,3390.9973764763845,2648.5781980774996,9967.546698869004,13813.054345214701,11965.070434163368,1030.097232908709,667.487176030985,2074.496271507891,2051.6984828688896,3060.053832814597,1850.7891005821868,691.3703281422721,1650.7169520387229
1458,11197.93489269711,4664.674812368786,3204.6939813254453,2683.6603483610033,13812.821061530385,12339.606095996187,1112.091640988328,696.9117174297709,741.8515334982377,1564.5113537026414,1921.1371379470347,3229.844268539001,1674.0814134995944,9936.62708281843,2030.2713818631703
1489,12595.583246411974,2758.6321970607946,13820.823687468774,11194.358704532702,4570.855723549133,2986.3318500312516,1979.5413833497917,9963.631565797781,3341.5499045576353,1480.453634878321,1183.2957344028873,1564.3440311058175,736.7705738724499,1799.125356944414,835.4211286013997
1520,10048.088289291727,3378.2050115138763,12763.607223320305,2859.075311373571,1458.920700335476,13828.378656855952,11195.074506432144,4489.286041558383,2741.6112510388,1859.5070678423554,1238.3170081653761,1683.4970721609031,1538.5229119821486,782.4939275857984,946.1337431083133
1551,3413.5725895106243,10186.426690924434,12969.555896550464,2927.272401278811,13772.957060310742,11261.501493609074,4410.068128339302,2480.3338295302847,1087.504113536189,1423.6997675743376,1500.9002715894856,1464.2289902320942,1331.645264797135,824.6510465882702,1756.4011781938766
1582,3385.1615951380027,10372.02993308722,1767.7902896409378,13099.000012559449,2975.5217829131384,1457.116448177703,13798.6830565599,11372.194260095306,4224.093741991741,2209.9570043675267,1456.4361837066078,1279.9290309959695,793.9942293411127,1346.9453382956783,1271.8658156948425
1613,13267.668355314632,3033.1092374067075,3848.320844244364,1958.161408204844,1437.8698684847654,1229.7161133756406,13819.88228371737,11507.655791572002,1110.411783653028,10595.270132468358,3348.7861583901586,798.5730333289556,1583.5428102010633,1476.6527795476272,1795.0981226556123
1644,13380.90200226721,3117.2646344541145,3420.1764072020205,1695.0427148857561,13845.770600713506,11556.955170583404,10902.20358957997,3333.0432533903104,785.9105064202457,1714.1228301342662,895.1393759032974,1453.1080250206242,1812.9148627419875,1745.4918604587212,1152.6728888096977
1675,3189.365433612678,1374.7846094229512,11627.762777625547,11168.733058202051,3359.8049360223727,3055.5988831230566,13500.111656547086,13854.317597093443,1771.7535937431437,809.7405695513053,1986.948219298558,661.7677642956197,1463.138768469058,1096.9226036606753,1889.968251897577
1706,3197.5166726690254,11684.0141469253,1116.692912933593,3466.55617115953,11495.874475532513,1687.1572916494226,2214.592988946841,801.3123124638713,2694.3038823538113,13548.002332999584,13830.457151231547,620.9195851937718,1239.1636922404516,1307.4103497802423,1906.7447564856204
1737,3231.2893530718816,11672.014871891115,968.0819898124774,13750.382683580609,2305.689374800733,3587.294941516504,11809.06907652671,1511.2694296504606,919.0895035781357,2401.789722994105,632.242360824223,1104.6191856956782,13617.728739921122,1399.3960771188536,1900.761411582522
1768,844.5938789986199,2095.319725786431,3177.7824696321422,11649.279067043335,1465.2870115775875,2366.9106672771973,1341.2184864585217,1162.4946356726766,820.3644421972429,1886.455192145416,751.8221993017572,3718.568027437328,12104.651021352192,13612.844926272426,13813.126971412257
1799,1485.1336420376504,11578.849109013065,2951.3457315117016,808.896523238092,2029.724257621437,2317.988040242557,1284.06609203692,1340.7276319921893,587.7001981051444,1875.0306392143507,937.8680299897966,3753.7692003843854,12385.166366913998,13455.68204865506,14018.771211608777
1830,2588.631565682075,11479.51044681289,904.6024386668165,1992.355402011284,2295.725056541206,1218.7040517302705,1416.7998141096082,517.3731598547915,1890.5234465382675,1112.6445531681538,3529.910759920355,12798.098575117225,13335.508631215176,14220.138533077197,1510.1922881198125
1861,2124.9216930588873,1140.242632043905,11408.44884771074,2199.321659406227,2305.1705969308205,1161.49061755584,1453.7697588989306,547.3216841182211,1879.7998029647629,1227.061825903202,3328.946017105112,13011.703595780316,1538.7220238099528,13066.235705768537,14417.562261509667
1892,1587.0228346023005,11088.796572517327,1678.8772857679908,2495.6287829764515,1567.675033673354,2318.6439977995697,14582.04207305022,12689.705072611509,13080.334824900208,1972.3398501977033,599.1507198682315,1347.4526322819536,1498.4481381208573,1134.5415042456045,3170.0593999518496
1923,1252.3028537460673,12092.477776903028,14808.505068818871,11258.588770827673,1608.478043496107,1491.7101612299691,3037.59770220789,2305.5309121556807,1587.914179254214,1430.068472160374,2942.885214716075,1191.5818635354738,13061.975835569048,2104.2413753815117,636.8604925631482
1954,1504.800841144885,11032.426539678483,14989.79549669994,11275.236796341422,1128.8876544759141,2303.3031836988002,3899.607458194458,1658.9801372880274,12911.088295168152,2045.2623666068766,3139.369379314202,1239.8582973905573,692.7884800762213,1493.802982972073,1495.5108135151183
1985,1406.8386237988982,9537.395630237972,1504.2165091203756,1064.313111488117,5093.070506354721,11271.852324707475,12739.623649717127,1779.022455742031,15162.85995096256,2315.052074286563,2049.0284817741212,1256.105135094999,1538.8074314989124,788.7749040830759,3303.757933698173
2016,1269.20201119405,7310.037253208882,11209.022100893093,1035.2815757354585,1543.6281638321843,7051.041228392806,1914.6727898660965,15334.960425721209,2289.958476951277,12636.60458398775,1971.9847981499925,3463.7334141959896,1323.1926555410332,908.5708017187116,1548.8284431765978
2047,1149.3886344839768,5584.396548969596,1898.2204768957577,15390.045857682213,11141.426604420902,996.8260255295675,8781.433441223111,2286.5322579870467,12371.706202879026,1895.0911703392344,3708.799662148257,1377.6593293539518,1025.1015462400949,1567.2343771101707,1636.8565873022155
2078,10373.526921012719,1060.6529436080457,1022.956745671429,1408.9968419892948,1830.8693710280722,2278.4325582851025,1800.2759602644242,1756.9140603868445,12031.727285628443,1150.331249000118,3943.3861513701713,10588.069910669774,4697.804501841701,15269.505893460022,1597.2683283489669
2109,10927.258009278914,1075.3568752167666,1117.4238013137792,1790.5277932227364,2233.58328747703,1384.7641323130774,1915.5360658441064,11460.355626912939,9766.350100163658,4354.00496961513,5195.699708146575,1757.251717495465,1208.4708806531874,14982.767697350342,1641.3680575614185
2140,10979.022011455343,1123.7863407039777,1234.7200364563832,1413.4593996587632,14736.502941190629,10861.017571477398,6149.717016486133,8865.143085330581,4691.737036394603,1696.127729872907,1693.9581135181845,2018.2344603010702,1295.6681827739078,1825.9920415696781,2225.63275537557
2171,10953.842831430075,1140.6245618877633,1336.5504318184107,1302.892717485985,2191.2120831397647,10892.159440100124,1292.9128112719309,7426.037879080672,7745.7364976497465,4438.1432067063315,1698.2548697425425,2099.3514798010897,2157.3306995023854,14433.949925859875,1701.7192870884307
2202,11003.924936692496,1156.4499971856146,1422.882746943663,10738.692889182465,8594.369492783168,6744.908572516539,4246.859722567913,2362.581676064896,14065.58485930735,2397.030248658041,1758.1654865728578,2044.8744441293868,1354.1344943397405,1272.0442781101474,1648.2148775108535
2233,11068.102581779203,1146.6450784057831,1497.4822919948401,11008.84142441569,3857.128432825906,8718.13509649176,6671.319538716904,2670.9650261974375,13713.558672165776,2592.9805748440967,1798.3119073992161,1892.9037251314492,1289.57231818355,1743.2338644176994,1141.5381895958114
2264,11095.508783085459,1155.6456497382756,1578.2078350021625,8460.030046084812,2987.7510312174068,13375.786846200686,2770.557584772404,1830.2773616245934,1712.766138587428,1241.3818690718617,3446.1027029718152,6940.784617229081,1035.3233258290343,11348.19678617446,1832.3981449756475
2295,11236.274208588562,1161.1466116735874,1643.3463139401515,7965.283434631082,3250.1490829850572,12970.284868475932,2903.880341772391,1887.45142660357,1544.9348947777899,1149.4984934249233,3225.8079010404545,7453.248075302137,896.4464200153839,11511.41704045215,2011.5496088819548
2326,11344.695130431628,1172.1930730964787,1699.910138083748,7076.157951484371,3519.338029062172,12626.592381156715,2957.3230437729403,1941.885764159756,1426.0197548787035,1042.9483552607535,3077.6452933106552,11598.353290236253,8326.563547568876,853.4783752212803,2147.614594840792
2357,2774.666738868458,1214.6188984473777,5896.4529574472845,1708.9927560509357,9478.36016975885,3709.114049416582,12297.785601734737,11478.190950810613,1999.1663072869715,1374.1638167741326,2247.923139420609,11839.330073697023,919.9252658431269,908.5048622480557,2963.5231347603694
2388,11554.538299989577,1318.076446971649,1733.499922246582,4813.817898717109,10482.388656210194,2687.4217351404304,2064.392101072302,12119.016953219987,3852.6429550994376,1373.5138139678643,2313.087733919454,2841.20850916982,841.5383485439526,1029.7846328754054,11785.790715421368
2419,11754.38012508033,1397.7658862323945,1705.5744246738457,3650.799193904714,11618.757826390012,2655.311774488748,1185.739015108212,11651.311849839689,11917.63552138043,3918.9911528987623,2659.7564069798996,2275.703588045568,910.322408306924,2109.858443092873,1398.8111061427276
2450,11995.422605091298,1466.4112624649022,1664.8724580413116,11470.593102159703,3035.3082081269604,12222.03430486501,2612.2860769354356,11792.70167896622,3945.3384855187755,1357.0274211453996,2469.4940031107353,2115.3007230311678,1071.0847429432354,2160.720185092529,1432.12346507244
2481,12207.192994368403,1591.898329176354,1650.646169464707,11321.120539304802,2849.6339167140436,12363.732951590977,2545.907406791348,11746.953054042147,3895.8381496173656,1495.659531497648,2298.817307925132,2102.122318691348,1205.5041623487582,2045.0091762899929,1490.682714742098
2512,12415.509596848031,11780.629056116499,3813.2343184308943,1687.9003182223903,1603.4641996116343,2752.7105423264697,12454.87085765227,2193.21076247973,2027.5778724023435,1567.2953216159299,1887.3738087803808,1346.9336405895888,11217.05055405894,2509.88309268547,1553.0747807445603
2543,12648.343537328581,11815.141077814314,3718.7533486697607,1764.3403101449576,1520.0116867570846,2684.463901441487,12557.273583926317,1611.7971324570601,11104.030699967267,2498.3791638142625,2131.276671743176,1759.3402386852474,1481.074334777409,1909.5944613538654,1606.8985736843392
2574,12978.774077078182,11670.393460647225,3660.14701146281,1801.0283149524791,1585.3056852887678,2591.8473506845567,12619.622574824529,1701.8220519795652,2531.238219925849,10928.442477066925,2141.432811096227,1658.4063380429857,1532.0511750106168,1742.968416685245,1667.2387578191594
2605,1455.6983015494848,1803.334109919118,3817.935626380468,2628.9747550461943,13202.296344956867,12751.764667246554,1867.8449123453026,1744.9026164548077,1477.988266983586,2423.9526491538113,11278.269877976421,10703.423807351595,1575.3891143162425,2206.484249461955,1872.4594234227222
2636,13355.937189722836,12747.080698738877,1993.5564170487587,1959.0616288616195,1278.1065531188824,1918.214148291209,4053.153762249285,1553.932634575027,2261.6215549770163,10766.372077593905,10893.134924975204,1460.718062198444,2248.8356712724735,1997.2664855315934,2323.726913409999
2667,13485.705480572105,2404.617301051684,1204.1150807476358,1974.8235297843053,12744.228061650107,2141.579554974546,1808.429200356542,11064.854760403448,2047.5392921672794,1320.7108832786919,1768.4607729537395,10296.206987809706,2195.675857712125,2121.3492746587235,4232.42268444448
2698,1240.623156604571,2736.9979649487013,1690.493843337619,13520.228299087874,1970.8462518266726,1229.966435333772,2198.0093523253545,2090.4180855127215,4306.043360238474,11035.633487141129,10014.645869392774,2178.7462322051883,2032.959489729893,12663.349334342125,1901.7575605382576
2729,1303.766772604043,2014.142796482252,2334.9117424319056,5617.770674008471,3074.7870282563085,1583.29644326032,2600.7134510383758,10890.964596414222,1101.2703323835333,8429.84750972788,13364.859776526017,2197.216021267053,1935.2477524738492,12610.577768142188,1751.3460575487024
2760,7008.711290043165,6859.748490500542,1738.3423836900042,1009.8427272865096,2437.0663960335005,3043.5499921331943,12525.744574368386,13190.132733256694,3184.820429414809,1602.1094552289242,2358.3381300714314,1953.5971093349522,10704.0392061279,1725.6218827266184,1469.0539223484961
2791,6194.356789825294,7590.951582477723,3421.2115080927633,12282.487069071316,13130.407159809592,3137.6293307230017,1732.4163273081808,2187.182956594032,2051.3432582657742,10363.00044575875,1734.126951319116,1954.3104083024368,1590.4592627195507,925.1642795471037,2515.6713927504998
2822,3151.036439852167,10456.716603505754,11988.015996669945,2432.8478557327235,1975.2143633517924,9981.511911840455,3732.8317627254214,13198.740143650506,1880.1075560635456,3219.2187971715944,1771.289896818534,1931.2592817187738,1663.1973808151527,849.3798787496247,2579.3508538991373
2853,1051.1354017760766,11635.447691899946,9659.572895740432,2626.914323371491,2033.0162815755261,4087.6748150711364,3552.3124430762814,1888.396886393051,12987.504666253191,12454.144506409837,1851.5729997318685,1726.5147860518055,1679.3548332225641,901.295928047789,2675.8602639441388
2884,12990.26712824203,1667.7027598467337,2824.142473463885,563.8444643716849,1045.2292144786422,1971.696695825085,3996.2102120742798,11199.399676865041,12551.68335336955,4358.0225318486155,1949.7580804764868,2787.7636195288237,2102.0267671138918,9395.088287766162,1407.8834572942042
2915,13055.073452186418,9168.520996324047,2895.3010492775475,2111.899450761208,4402.727029610441,10716.937961764395,12058.586945151194,4683.0252464460855,2102.247625840908,1179.220285770631,1144.361272923584,573.5965584973567,2070.718318310096,2973.078139260728,1675.4243904404889
2946,4702.861231233494,2575.131610131519,5008.329336547022,2795.7267465166074,8968.425084537372,10183.166153484352,2271.2812681392024,2106.834248813173,1656.0794702268813,635.1171408777861,1049.4240964799478,11332.5490777304,1293.8262846669177,13052.988750417659,3178.9782227627966
2977,4778.302734906885,3209.4513562413517,2650.861160948581,8781.459278766662,9776.876248849478,5857.063967046986,2158.6171355130346,1689.1644778673299,2372.712339605979,715.6619265212524,1420.4644767594123,1024.8361861018952,9917.088628549453,12947.251680518748,3510.907124368075
3008,2526.964851911113,2464.0155519429713,8572.044999960746,4857.691893187097,9401.302121102348,3779.5673671869417,6892.972113878766,2227.2317370790497,952.8043028407046,4020.945759842726,903.4836065153193,12565.683350323143,8370.985266154528,1483.621620846987,1791.4041797926877
3039,2599.1528791601095,2439.1226864806963,8182.363699993501,4741.845442496673,11820.076003285432,12767.036701982737,1506.542217734569,2296.4353028429123,932.5746246955495,1173.677892102647,1906.682719978634,5026.7122630112535,9001.886414992921,4234.527989058215,2182.0818847492746
3070,2387.2315694831136,7691.675967616286,1492.2837481975857,2348.804099436458,1547.8860173183173,2029.850733447137,13727.477401264186,6095.904616104434,9935.981519767736,5137.277706575173,1389.4720398682637,937.2291217547806,2755.012163065673,8595.10261921645,4739.529399449532
3101,8141.72693237476,7161.321496732558,5341.1001023803565,2939.859163090191,14016.155387654804,1333.0269722486132,5203.688595901776,5601.665994585852,9845.4631231461,2420.67685488911,1488.338381236103,1942.4783396372488,1011.6661196210407,2323.11532857393,2040.4359304926795
3132,3083.2898379765948,6579.646660516393,5615.092253281789,7750.263365034187,5585.093604924912,1288.3670410974469,2441.963651298667,13602.509406897243,14237.106552302434,1456.371377522248,1481.2747037115919,2312.6109905798357,1080.9284856879103,2308.5600223824076,1987.6407693514639
3163,3234.2613128529247,5889.102102850565,2451.011980061511,1288.2999546564588,5730.663703402842,5864.936584599051,7665.263003916983,13956.591467838874,14271.841012300138,968.6881811483652,1476.5033375304488,2646.4641770672874,1135.1280836255771,2319.604370590932,1912.3594501231712
3194,3364.2056458562524,5213.844203064358,5822.313848417697,7642.616757123459,14341.25621622562,6071.576020060432,1328.0301415285999,2921.8640222495997,1080.6130077432438,13721.468628939532,2349.587729792405,2531.7466257018186,1840.8665274312507,1432.0103656875092,1148.7189827433492
3225,3468.6646444231064,2644.9874478934685,5812.9274579118655,1389.7884340253645,7669.5898235821305,6232.776087706165,4639.49074623068,14430.987998895293,1181.7383639613365,2438.5510005445417,3087.2886716941575,1347.8806447902023,1784.9757714395255,1198.0802320604369,13482.991397406855
3256,4233.9781443034335,2764.5336322909366,5758.564021335646,3483.8421279726745,7727.769164963454,6310.0988648522925,13201.335323106981,14507.33504048873,1570.0923752990368,1242.3230129291221,1334.9266284295545,1222.8055201279763,3137.493051164904,2563.98576146312,1751.6360538372617
3287,3888.5428683258383,2890.994378903028,3512.07879990887,7826.981273120792,6243.016172533968,12959.361320752658,14567.813831759853,1098.6298939388466,1458.0601163710062,3095.4534632049304,1737.3703633911862,2699.9515696365356,1290.4230040077955,1873.3879939491176,5668.6536727606945
3318,2816.8177527243643,2172.68509007082,6189.159668537967,14591.837611886323,3593.139574651972,5558.152123999158,7963.6588621800165,3566.8353598080807,1372.447497563502,2967.793843175303,2968.210854641066,12670.7906612083,1655.3896612311642,1661.3633244010384,1062.436836486049
3349,2402.36470887059,6097.412863687717,3253.917795786118,8129.823080249732,5443.950717580539,14680.958439875234,1451.991351749842,2914.4659941729597,2987.6054605028307,3748.8148948402086,2748.333455507435,12384.383527082711,1587.2610633113593,1869.235681939069,1110.1996874087715
3380,5331.297050442392,8318.687819665667,2952.373397985509,14800.695764967368,5966.243079427965,2568.608033393264,2527.498494290209,12169.330861461869,1496.2281923980308,2053.2700668127923,1528.66010491999,3012.300581777026,1110.0908264558527,3984.181812479108,2991.2526360880775
3411,5176.207388662456,8547.746535411467,2658.809529370365,14953.33692935598,5820.7002159346175,2662.788778442768,2259.5529930149637,11918.843950064811,1492.9767408984753,2240.080367626117,1603.9956438470772,4296.827012191827,1101.9616314139282,2979.784830174948,3097.1061761553237
3442,5607.85675080836,4605.763087688179,8764.527785929458,5082.957768387312,2417.1412869703854,2467.3778485481607,2698.636969050738,15122.691731791303,11632.81463791682,2010.564553940103,3177.5602477368084,2964.701489485953,1669.2246615925997,1084.7659762068488,1504.1339265120969
3473,5300.283510455396,4903.071290696452,5095.0379510807625,8965.78595559985,2243.806224014333,2793.614532288829,2729.03661609076,15230.146971455739,11325.891862991157,1751.8185828782118,3192.424004802888,2914.596720349399,1759.4928089193402,1079.0786459324893,1526.6330450095174
3504,3184.85419238454,1511.9181238428803,1500.0179809956676,11068.821457717288,5135.556758573216,9156.443591234995,2177.127647183502,2836.418593615306,1865.4984077390377,2784.978651333376,5213.6017418127485,1091.8775603708464,3113.4675172335997,15284.410212545801,4885.726285982323
3535,10648.176277690665,1251.7478227667507,1567.8809645236915,3178.1516774096335,5295.733494313174,9318.977900654512,2212.9232855600203,2714.2656199330195,1975.1151090968485,2894.612205439602,5391.204404611613,1117.218111439764,3577.3089521173956,15265.631268026867,4401.771628981565
3566,3131.879934128715,3016.645903758233,1197.9941864659363,15203.870783883429,1007.0005751665674,3718.751363683683,1620.9057559488244,10620.82736013996,3846.059643361592,5400.039905324898,2024.5779213123542,5633.5173273193905,9482.381929256702,2281.7136905288407,2624.552442285993
3597,11139.851447579525,5176.99932975653,9619.092394595777,2689.9723308374487,2145.929968987165,3091.575842409529,5826.217495912889,14907.286169977155,3468.6664024547445,1591.7061506116836,3029.2998196054896,1308.7438364959812,3420.708500975609,801.0756014145292,2593.5934309510685
3628,11140.181083025414,2853.0783454743914,3352.771551445223,2893.8811565289952,6667.7376753455155,1484.2619862172567,11705.047855774066,654.9429809750338,1565.8980772816317,4860.885290197346,2268.0707305430483,5859.167329585168,9745.772610273527,3158.8214409488987,2600.2006089496153
3659,3109.2443720955785,11855.174745259914,7483.49844059233,10320.914364593202,5933.533605799827,9967.828688547914,1535.9268250858631,2518.1195701547476,665.8351926493134,2520.159582155331,2372.8289284090724,2749.9507097042742,1681.0007057973237,4767.617872802515,3329.0851189179243
3690,6036.247194931518,2848.2524437438487,4689.755472687384,10282.034603658598,2445.345752881513,3414.8171835724884,2997.1808084106597,11697.807970080721,5271.994985194962,12584.063798610825,1449.088017261746,2190.8057924094223,703.1521900729044,1792.950203169458,2407.2223058790746
3721,4108.597758963375,2267.238226733186,11581.363255245453,1428.0969252932716,690.4490414659567,4873.506233328694,6019.188861787906,13890.444549287688,2493.361034099914,10595.200109588524,3283.231253806215,1959.266068536499,1800.1492009818583,2408.8601860650597,3411.7660173815175
3752,11614.09894911668,5934.492301620042,2146.438548314736,3787.0967136632617,14352.932118487623,10906.161484467064,1476.033613078041,2022.421552061871,657.621178825316,3652.2420631351733,1698.5366092391996,1709.1645439255337,5266.455602391706,2244.909665759855,3342.113778479031
3783,1911.0184560661082,5775.77900407473,6017.128120490225,11147.518820078685,3036.03050181154,1978.3432504883726,14587.285230160851,3692.995956917209,1356.182113983315,4024.2603658966937,1835.875518578057,11596.017671948926,1589.1986337744233,657.208216426661,1605.8768618693273
3814,1807.656668809034,5646.272849804386,6714.087720561177,1805.859894098373,11277.728019495511,2795.7483654715306,1656.623878602546,4206.15008884377,1203.910188827626,11396.958950017706,3600.792445158712,14804.072222649007,678.7333976607558,1828.4019331387303,1387.7220994262555
3845,7731.520503260288,11369.640872559436,2218.879279831785,1713.9066836564307,1643.1482373292506,5518.931873813601,1695.0212277355254,4319.479589335738,1101.075419030806,11233.636182437478,3681.514833192833,14835.921303118208,713.6200507337998,1846.9337614916217,1187.4889050383238
3876,5354.683784885535,1461.7193574573175,14751.249706351047,8625.058028767668,11495.75324570883,1829.1788585163624,1573.2587761316363,1085.1912038435519,4422.617491321505,717.5023018077995,3876.489737787911,11255.528514155909,1039.30863111683,1674.0814192148305,1649.097665498394
3907,1610.1291631600761,1041.3232258483727,8559.334855576039,4326.581810679135,2260.3137976183075,1639.7576348891885,5161.780285467554,11671.542535942768,1355.3659538808115,3999.412492323781,11139.67033151947,741.1774811349549,14701.298175976386,1701.0507145775814,901.9802639707023
3938,8599.592689282921,4294.96079142209,2571.746944818122,1743.81668098934,4949.316109139036,11816.765339556565,1274.1483557061879,4057.5024966225,1036.053654443306,14641.273032846011,1599.1668725041836,11102.588228505549,881.3994270287818,1506.9715821031614,735.4165175973762
3969,8160.577310330202,4225.89023077454,3373.6425897885047,1811.6259751576108,4626.586813043264,11974.968248701669,1357.5254378723362,14552.787841011786,4076.1098558974827,1054.309507778948,1463.98537139278,1405.7886681974098,911.9912819325231,731.1462837281084,11083.783306957963
4000,7896.74893173113,4275.894435287043,3923.0172853805075,1790.4885914118643,4432.293963417745,14465.92044733326,12088.24544959313,3985.4670228345753,1425.5263291477324,1374.1212737056533,685.7215244440808,10890.347242097449,1050.34454248596,1411.2037168486324,1115.3779668463621
4031,4945.854705485008,4329.978347689792,1660.8227373199788,4430.405461506511,14310.339531952532,3783.8701177863004,7218.99118271169,12161.64159052411,1434.125791884551,1329.044345665799,10858.233794472713,1063.4610039461568,711.9229092910034,1400.577840951184,1171.4493613777827
4062,5074.557687202881,4401.649855047219,1674.7381650702882,4591.037202873245,7360.7626700566925,12206.934061870976,14174.208471369999,3330.401821001482,1494.3872337543341,1273.767234217263,703.4280657290254,10865.511782047712,1185.1825190545655,1333.990515442502,1140.1614378269392
4093,4981.044178710231,1737.7135424864043,4860.243916595091,12150.320747465115,1590.048603950161,2715.8764595644843,14050.427310414452,10797.81114647288,707.9735478061419,1315.6227121523611,7757.597383321432,1395.7483193701105,4456.211765989787,1281.558830275685,1012.5202579907884
4124,1797.7814870671605,2251.3664504232083,13808.270411653366,10901.989319121845,692.554813047744,1373.0231937618883,1420.5587558333327,4459.1085615275815,1378.2793194009723,859.5855721882705,12069.446969810544,5178.375288932034,1633.156567034631,7765.740650492106,5221.481362270441
4155,1892.1323796201139,1921.7788491181454,13643.857337194895,11177.220609208669,743.4858286980827,1444.3934669973976,4443.25328534821,1451.1371395895787,1228.3040776626733,736.6305702194835,12009.201162367168,5344.812255879196,1622.8304495675518,7900.1487614684265,5251.532549625531
4186,1976.8414551419378,1756.550595693977,13394.314373716574,11338.498712005834,789.8137550348386,1555.0917392266458,4408.045115088085,1223.9507620019713,1465.0530933370567,699.3315937192664,11978.852553935698,5314.90604807584,1655.4999973406225,7742.353678363284,5511.615249883491
4217,774.4578412084155,7524.310803287252,2205.6960457000905,5628.896664220868,4369.6766499999,1700.6881267310134,11923.09157567155,1720.9425729680963,1319.4055696656155,5171.314491382945,1628.924574512485,13136.106956810492,11372.84793755803,1439.519437801102,894.8394750472722
4248,878.9441524051065,7496.173428808619,2557.5555180535025,5428.429934003666,4252.950281924632,1673.7813683823952,11824.906300944622,1833.6529864995332,4965.8830007714105,1795.8315273150833,1355.9243785282279,11418.426901973622,12891.576705743642,1017.2856875267215,1419.3965496843482
4279,1003.9072054285663,3004.3201284253773,4106.6162530233205,4889.0322461131855,7741.8234469285,1950.9438243031968,1282.2642433325673,1960.816963818645,1693.485078298391,11711.080918552629,11513.569423585453,12672.264520976536,4691.676592588042,1511.5046564173151,1077.4132207734062
4310,3882.0150024366153,1122.5486471374506,7490.629225417026,3483.2308880220794,4838.859363155694,2082.383260522141,1745.053153147955,11627.025625876113,1213.507166618431,2117.8147825850897,11584.39806367265,12499.118803313231,1174.2654792215492,1593.3548822022449,4356.51437923685
4341,1202.6073543981656,3604.256835832741,1248.429967579859,7594.105542196459,2272.7100564421835,3814.5576397960244,4595.876747855691,2186.9202972547428,1813.4541065283574,11558.79183215485,11667.168227061178,1692.0825756148538,1179.115790765347,12404.897946840078,3975.74380224459
4372,2266.7304362422256,1876.6133208242848,11477.811057714625,7627.372742811837,12411.592039994837,3328.791872110616,4525.466867938097,1375.2632343905416,4020.721777903307,1776.4005303367965,11700.12482597729,3598.8624827854937,2414.580296228318,1207.01928325762,1203.367954049237
4403,2286.971012992991,1922.3052577700037,11414.20640903093,1500.5104604353432,4134.850203367879,3096.7165278099587,7538.810400875556,4637.838560896969,2508.543522079898,3258.6577851768175,1276.2981495983836,12519.392116344356,1205.3455914637336,11688.346029087124,1821.9266956351826
4434,11668.273620898663,12673.888950956118,1368.1669596483189,2278.995426374102,2943.9852511118243,1992.0299240601307,11337.309982125334,1833.8848758657628,1625.357559975344,1217.4807655254401,4177.834409286484,2551.8309516149666,2910.4012766150786,7302.018313496125,4929.260455011439
4465,11592.329675534487,12847.642177385038,1505.4201719914859,2236.4738211280796,2657.9546042678244,2126.7537635217177,11245.534419192729,5381.490643804497,2533.7534841100137,6914.676538564143,1829.450353292774,4160.580366032645,2764.548343311525,1762.9332410138884,1251.1771194142805
4496,11398.914842670647,13101.87691028243,1673.6848920237903,2227.616508072739,2468.152136985241,2207.375833919178,11138.333858003301,6394.536259631096,5963.107310855362,2461.649524136463,1938.6788210015682,2645.6016150484943,4087.0416639579894,1765.7768948750027,1338.371651101825
4527,13343.31022413221,2149.1889929930817,2325.21220493372,2410.006421885968,11017.771178464345,3973.956770019903,5779.288061583512,6638.176490878576,1979.984846389451,11109.140524741097,2404.8231360967134,2538.016924764848,1596.0544098170085,2110.0714396585854,1435.7170962061002
4558,13643.114276962655,2100.3552271812287,2201.736538054198,2631.4675689371397,10880.142880096439,3839.8758520260926,2286.403724340789,5128.257030799369,7389.685115700321,2230.8345508654293,10697.335751750667,2422.9882780782095,1438.8778352087957,1580.7779073934703,2338.866185170332
4589,10239.716490167866,2465.009129036586,8105.179830379979,13995.07101933411,4341.477659696161,2514.520584441993,3870.502701900801,1259.2736359030662,2035.2954106147488,2450.87971581799,1841.5431385398288,2112.9227859022076,10696.676523732438,2835.2719857803036,2047.3781113170517
4620,14406.005587789408,3002.465635398049,3887.7836077580073,9371.859365891514,8760.806773567105,3544.3218047171845,2529.3283408190364,1150.2730181410911,2153.2793833323653,2599.6797732047353,1833.9672299587057,2070.41408497614,2026.5110712146331,2951.150807232285,10522.872238564873
4651,14670.678032842015,5931.716685051761,3821.441358847177,6281.272583766662,9758.463471519095,2472.5695647422717,2642.3093340401624,1109.9309188928828,2393.118657681868,2492.6358931965374,1797.267371599353,2002.0410883264717,2085.2900244563716,3061.512462273434,10290.47127532906
4682,10698.975029062669,1900.6348862481743,2149.344398733171,3183.2577728073265,10028.4778898029,8702.301403810192,14703.003177494913,3587.801541847712,2665.571544285719,2161.1451832015678,1046.9114970896358,2877.5783264154466,1937.0045473292894,3692.832734402872,1475.8787900335317
4713,9456.605037743242,14677.374101532214,2950.3125060909856,2923.1182319929885,10880.516132007418,1919.0322773853522,2293.269990853466,3190.6030320429054,9799.764632138427,1860.45772665255,1188.5684277260987,951.3296162778571,3497.293098302943,3123.9518895593674,2098.5220222593134
4744,9858.204851052229,993.0472359775167,3165.3436479125594,14650.029578952159,2261.8482720537154,2693.822528896713,3385.9605457568355,3087.305323162607,1513.3817001456403,10853.204627570234,1249.1487830000638,1874.7918288448568,2451.547049972823,3204.492054982195,9568.590694284983
4775,10103.867672340257,1117.462592970614,3377.198430048704,14550.242188194496,2614.5215721097147,2591.5717710549857,3644.582645470982,10738.235639033848,1149.739093178365,2315.246704518214,1548.7724095039916,1927.7715783973247,2726.318217869249,3068.4317263219255,9336.756481552455
4806,2840.0650638349575,10444.295226557717,2590.9920118359305,2000.611736504232,3003.496006299264,2826.1200864744105,9131.860062716349,10316.365033449665,14454.363372494669,3542.788731993961,961.4906395745903,1824.3485827221757,1776.857167114374,1309.148814162397,3787.9161868304336
4837,2510.7221468310645,8942.166375593913,2968.2237059530053,3666.75978152054,10194.243979999554,2125.4280009290337,2304.8214796860393,10697.649102631896,14232.176208791689,3510.3625290577493,966.6026188540593,1730.850513322132,1579.4925388288016,1644.0789260962574,3737.1408144693864
4868,8788.157587956417,4123.97592463499,2233.376571495385,1924.764354949336,9996.20412552271,2559.4994217329404,11024.807236594877,14094.099959316667,3186.814678923179,2221.001404758665,1536.5548101402173,1384.5641900806163,3103.0045549410033,1109.5198492202026,3524.3740522979106
4899,4413.8537542184395,13969.460977422757,8641.014502806698,2403.3833989718323,1637.4652397438695,2548.7428723175667,11335.637332468768,2840.5691825618037,2792.335840107709,9581.77713000447,1575.8952656759707,1117.5031877639642,3337.771591023747,1348.2962973606834,3267.012150116844
4930,2990.012549962318,894.2753691582111,1638.821937918724,1674.8909080634394,2160.460490637925,11639.635637258665,3072.725779838118,3049.480269311194,4730.3760044636065,13841.18103249489,8521.151209304826,3513.3595816533643,9179.010898509134,2555.9081717933427,1349.4288821973723
4961,1877.306605886294,3281.497290839025,11927.874677786343,8402.089785254097,3214.0858720407355,8608.574546173077,4904.18116469912,13739.886228068315,1114.9708402491974,2772.6224006554357,1833.3143071491907,3676.528605936847,2667.6532299131995,854.2419199905052,1935.8912479237442
4992,3014.8966431651966,8269.13908546613,5031.867087761007,942.0387536444249,7848.755383271934,1743.3307374714666,3428.566188124978,12195.926585483472,3220.1476191983966,13603.62353214117,2451.657829557327,3952.6037107194406,2127.5952528282346,984.0014542146303,1996.568859517321
5023,4547.478818456013,1770.0133018914735,3263.060133875109,5062.400053756595,8125.453186825783,970.0184005643143,12373.177219807696,3462.649298646793,1738.265916664647,13315.480215403984,6717.272694407728,1208.792141283751,1945.5223803234207,3118.381898816417,3192.753061841398
5054,5604.305724463544,3464.442835240941,5260.875004065953,8095.47732199721,13336.150160751034,4899.587392810456,951.599462089685,3472.379182133414,1271.4752335528633,1776.6508035068919,1620.913554256946,2116.322482460399,3445.1100873624005,12494.445248114478,3000.9842297589157
5085,4764.582796730761,2302.852050198233,12396.195013436429,8178.497221738382,3624.8347922065914,1006.8917019069328,13400.543480707585,3672.4348531165188,6928.525236703268,3665.2014938861944,2854.8401735650896,3406.2751501107577,1566.4072248495747,1847.2387003254048,1195.3988330834043
5116,7619.435849502967,3809.8051476221817,8200.083915545723,1122.1276448487147,4440.922559684548,2493.5599116869353,13596.601510365554,12212.353767165489,2868.327660276387,3798.92380556524,2691.666726258997,3366.6652153994773,1565.8637360151738,1970.9062395889143,1053.4750330388204
5147,7831.625758122538,3907.0383180774343,2560.1922022022204,8203.950109801155,13818.401216021875,1387.6307182283601,4067.791272289219,3963.5874037292187,1006.2990973047633,2073.943810941578,2540.9202762809587,3386.358415018034,11961.223643926816,2592.4598007536297,1509.2966798673317
5178,2808.4033823249524,13851.118720796534,7364.73331262707,11702.76914742634,3408.6419733128614,2149.922344249435,1516.8019207816371,3835.2737027217527,4110.882077826507,8399.161442291152,1469.5402437857913,4128.413628688137,1071.4525345052984,2530.136300736888,2463.467990490776
5209,4209.580063268216,11582.981269922064,6768.081644674413,3729.8786944574413,13932.502840374653,8620.939486152647,1560.4875322606254,2351.242116877064,3423.170091034523,1238.175091867698,2443.095720289981,3139.4592355944096,1474.1747302427727,4143.2511603182365,2193.6990452303858
5240,6143.024948968043,4303.752873983797,2218.042574244696,3630.9663808002474,1694.2039424901154,8849.260651468774,1561.417239741871,1436.214164470615,4036.703526499394,2240.9953975291874,3436.0213456155293,11496.74303709606,2299.5728808548643,3561.7315531725794,13902.068205629357
5271,5467.776989421851,4383.332447856559,2204.435942319945,3600.7671594145713,1801.2511613069257,9089.935666861156,13757.372545036342,1798.2418873179708,1683.8637657562451,3770.682087921747,2221.9401754731703,3455.830414525068,11327.328605438637,2192.163038989928,4055.796834925007
5302,4769.9160779964905,4468.839175720485,3599.4625636638866,9313.182438918964,1849.2319052489565,13636.32212547161,2160.1976609955923,4576.811936102279,2102.976470348502,1882.2006557429308,3533.6534988512344,2163.343396549869,3458.596266610517,11178.52828022994,2117.4562701138693
5333,4571.00372456177,3582.238258781288,13682.304281661522,9463.218513033826,1904.480605426521,4156.7833379869235,5076.679591394178,2076.0328793172093,1996.2360206504375,11030.531440258464,2402.198633271726,2095.607978053112,3308.9416502818385,1993.346753965794,3471.1150539205137
5364,9548.717352019861,3583.5234355595417,1884.0671359725343,13802.797567630398,4612.593531183708,3632.239310899274,5632.487209510684,1951.5547334058974,1839.774111289384,10883.115683827016,2755.5301413352277,2254.4810460228255,3058.94814324284,1865.0525589881995,3505.8367616777396
5395,1702.2977674523684,10740.657782274937,3562.76484633617,2347.3750305667313,3109.3083724385015,2890.451525848227,6231.467837368104,1789.5284611630593,1728.8086638813631,9537.977217592772,3026.536571453508,1868.0476134468877,13921.656526154402,4622.651191619506,3731.1893149686002
5426,9508.456806734472,1576.3090722931943,10606.876099205967,1829.2738783034422,14047.866654731732,4608.862887660461,3825.863362610452,2681.3029011023405,3662.3272462105133,2416.907049493995,3314.423953266559,1671.623058979149,2778.391399083772,6680.271195558318,1601.9631573307593
5457,1521.5082789921419,7022.912953758544,10474.078890633884,3751.893657078418,9440.111978869712,2608.16370663891,2469.3534485782925,1412.0906445443752,3345.0001848238458,1811.0424780684216,1873.8304832888298,14169.391702435678,4501.650649930923,3907.500897650793,2502.1887672723524
5488,1515.8588909052028,10401.03767993561,3778.228670078174,2402.6374160116634,2457.3039809522484,1283.7016584651265,3258.749881599955,2117.117490526886,7310.76409823316,9339.640681071454,2036.7063275334817,14251.012324012134,4335.480629048559,3934.164033847289,2388.314960344181
5519,1542.3745251059722,10417.76231663122,3189.44047311149,3717.1277136999197,2426.8163786744663,2344.8040193182555,2210.567113145201,1261.876151499286,7560.064166698546,9215.994101162229,2301.2627503195054,2212.729165172486,14376.485416544716,4113.341310182506,3920.073121299327
5550,9124.333153558751,2451.5909357335636,3833.9866099077535,3854.2075243820864,14583.991459140701,2174.449490880635,2263.351285373085,10369.171997570113,7858.1741495168535,1363.1194343142918,2760.339906406578,1564.6516363361372,1820.426872005838,3135.8597688519367,3653.064498586795
5581,2638.0586529263946,3668.3699264030847,3868.2284159048086,9047.84681334895,14710.603589746119,2152.2629113390167,8213.329304882594,1993.839891134158,1473.0829846822264,3185.9972523678443,1572.2547660279602,10234.45586249922,1420.5762509407352,3038.139164364158,3593.6729359978526
5612,3790.6721650990485,14807.8813262929,2803.549897259971,3176.459683079528,1674.3889979488654,10220.798271401978,1160.228636043118,3253.3408531102446,3457.7507875474957,1820.1093880118876,2069.661422626073,1510.207175305927,8525.682783121807,9080.476101753124,3459.5112339631546
5643,2996.4122120502125,9040.443554867894,2008.4166766675082,8722.023069961708,1690.5069349042703,1548.848376202249,1852.5259629236891,3420.21515452808,1198.6674694682308,9689.239538631344,3792.38280432436,3374.5539426995874,14806.996445690747,3088.512406967616,3580.9741726776347
5674,2800.5361050045913,1530.5912587638659,2036.740302703186,8980.390081633774,8891.78436501679,1306.1841274703868,1632.7815053623326,3646.89581720964,14748.629634325582,2981.096185059424,3337.5973403706153,2046.0086307618235,3563.28915374366,4572.149299862742,8736.044915276712
5705,1537.5807815081394,2525.7596099967327,8915.067932505995,1624.654478365338,8954.014069854396,2129.216007382317,1471.6777868765118,4112.389903437882,3038.154101941028,2757.313215725426,14802.852760443851,2190.680032299082,3597.7794679656645,7389.155310210133,5764.42326405262
5736,2251.852214060439,2342.796473857496,1679.8750110015908,1631.7834360528648,8920.820992208375,8970.310720715792,1604.6274862138127,4373.338622016003,14709.855309293529,2781.6437679583555,2568.8975016575473,2270.5162981287094,3477.483550697266,12046.933448850605,1179.9838898527419
5767,2361.140130647257,12668.833647091938,3309.033350968862,1894.9223054986862,2645.3621959564234,1769.0582842451954,1700.27484853039,8772.714577605588,9204.288170247055,1769.4106650570905,4641.9941370621855,14469.785785651111,2839.069968448368,1851.5466694459512,913.2839861090215
5798,1700.4503295157558,3117.189418522887,1744.3661307974771,1869.3398857796506,8466.210931030766,1789.9071515845137,4876.85570220721,14279.735921053,1244.7657904925943,2835.7441230039904,9395.02086334976,2566.1015618975957,1108.5464151191675,12829.907892789448,2986.5766054213036
5829,14053.41247433168,9370.647347291253,2723.7551904955385,5089.611193319204,1035.5587925367647,2838.309811395627,12980.1741236307,1354.3001646050689,7724.988639162641,2124.2665439529565,3997.61827010291,1594.1667435112117,2003.7240887122034,1355.3429735574614,2564.842365959904
5860,13837.536098442431,8131.571640499816,2645.5026989681555,5104.732766992226,2175.165883644708,13123.296726294095,5107.709501503641,6677.415911480073,2469.6543833251676,2147.1264458799897,1129.3778434013796,1489.368661766363,1898.9780321959327,3092.5491164590458,1780.733011712104
5891,13670.950773134049,6748.991246694353,2711.8189379154355,4880.309940643658,3474.0305690268424,5659.434717005628,6105.322788608483,3153.2490280637817,13210.58082155233,2706.6859537054233,2341.91456781353,1028.9382376324531,1434.1934983538408,1639.3043962393547,2044.993246175968
5922,2388.175436433169,13525.47164871944,5186.681391245234,5095.877040995863,1050.3469543120314,6305.480117446434,2465.614126911893,5408.430847108645,4966.581213313626,2136.6076048225573,1487.7555174809409,3260.6726197233775,2718.1474140218306,1516.7262260400848,13298.150563990004
5953,13415.291264638816,1153.7311427394632,4305.6488770088135,2232.803943276679,5118.658261724246,7034.585370901216,2513.6203470605765,4635.467853963327,5794.44999718477,2559.4428253042506,1774.5429692353202,3410.1401318332955,1378.3680302438374,13450.862743100535,2033.1049643499841
5984,13301.16917369482,2321.4066891532057,1297.3544698303203,2293.3187707447064,2587.5002149473726,3647.88008197477,1884.7955053543249,13592.322457694894,1265.6563558876924,6072.50692785277,4936.6902386365255,2048.078821352402,7810.055971194448,3919.4502772656515,3832.532766981224
6015,2322.9083319606357,2630.4352039154724,1185.7303040519118,1430.6423899404642,13226.440050411242,2077.1622074009906,13734.915978458126,3926.987555642261,1665.904564359501,6349.473095720362,4758.540439434308,2337.546771492078,8322.185241132835,3538.512475484139,3303.3341131607945
6046,2623.8727925100357,13107.731030545274,3983.145498156174,13822.11873230647,2092.2047696301265,1707.1785944440362,1432.0698217342806,1149.7936428640096,8571.377870895798,2560.1034645390305,3290.5024707014354,4476.618496055368,2406.31573702197,6560.827229186041,3026.8585719750727
6077,2547.848929421408,12906.946529692337,13810.174640342382,2107.5509260504564,1916.180388983131,1500.491322168959,1125.2630751957938,3950.0569823443666,8678.995100781172,2805.929494132986,2930.29671702015,3139.731333922043,4341.727402304879,2415.2696847062357,6634.256195498825
6108,12679.531799951988,8680.953944455552,2928.5569064387314,3273.878335925048,6787.859370920474,2191.3173257837398,4148.281527205327,2450.6018138037352,13775.085394206339,2132.694612871435,2191.4593855174207,3043.11616707357,1570.634431913015,1066.5757150764266,3890.1719914223268
6139,8689.472727116276,2969.537639393194,4075.8991242109723,6777.548265921323,1910.4797689472546,3499.716691612955,12421.527274242251,2361.987182337931,13661.455657410568,2146.176000474815,2602.1920575533586,3246.6224340551657,1734.4527561694283,1036.6082898831312,3677.042853236504
6170,8662.113151891212,3034.7782634447026,4323.349124243614,12139.471144329742,1889.280581822352,3285.8971783204192,6705.270211154572,2246.1674874006667,13512.87176706458,2110.342086861812,3321.7207955960866,3478.0442643518877,1917.8442126971167,1004.3253663240648,3179.2430870622943
6201,11948.948784145394,3070.462497193665,6750.208924496622,2535.9778317115215,8581.478678342413,1867.9192383332093,5024.529760256208,2103.9226880197316,13316.916567252476,2111.4411686102385,3650.1385006284486,3712.154688132916,2126.296696832786,3008.6374520394616,1001.6852465700321
6232,2937.7711457909027,6913.680787788301,8568.603401180695,1833.4969345890956,5235.070162573052,2356.1017498011524,1985.8995577740532,2276.1451723110717,11806.683263057805,989.9641041945732,3755.35429091542,2086.2541593590176,3911.222925443307,13175.080570425604,2979.3904973610806
6263,2774.4118329701037,7227.054460306476,8475.521168487803,1741.9917114396442,5305.906385935959,2545.3775107148235,1897.3649445352435,11721.590899800498,995.4448964497215,3366.113698015605,2067.5569626063766,4076.694850628359,2163.8721409057216,13066.33576853595,3385.4814912328375
6294,2622.0153418280374,7542.227663296597,8404.091096743436,1680.52522066644,5565.733666055835,2754.305790579348,1838.6861670411413,11722.657659402772,959.1133521993361,2844.8487826615674,1995.3762028210954,4200.373172892613,1783.6611131647355,13019.009542499487,3878.0939507126914
6325,5858.362303596477,8263.96500039709,2695.471295909917,7734.613199499176,1603.5945268329433,2934.386828141327,1811.8691828965823,11775.847263462401,871.0380025362127,2738.7825496168825,1974.4535468441206,4300.749862417008,1368.941616434428,12883.554813389097,3995.0887305914625
6356,6002.864047643277,8189.872689729635,7810.603012192448,2848.271725416663,1704.4826799794942,1848.4895462012596,4320.457385710664,1952.832263468179,3045.6452299553353,12705.75577201121,11878.234200508818,947.0369560836994,2492.0419947486916,4257.904839220792,806.2263796949616
6387,6015.9131970133485,8017.055933519578,3105.8564265273767,7869.7403055744635,1813.2788950988454,12016.825511952238,1932.1423637309301,4274.733905138818,702.6985523486932,12559.10275089443,1922.2059360035823,3085.1400929647057,713.0913135098864,2295.4884944985347,4487.445043789701
6418,5678.051714513165,7630.810047261886,3687.570279391237,7808.306047471052,2126.038577188938,12186.946714765028,626.8280276692205,4162.994160800184,2095.759657663697,12403.497048606558,1813.8539050205839,3058.835025924391,704.4430844906326,2025.0076617966006,4801.776770001953
6449,4986.9287964702135,7664.198009255366,4199.465815991559,7291.0952574268085,2766.5467040612098,12409.176671301808,619.3526358951083,4006.8912354361346,12231.009253864275,1713.0409215943416,2334.5536612859187,747.7590835319257,2975.7918060812854,1790.5925590846255,5074.316311284546
6480,4297.684448190261,7425.108362984303,4597.028751435804,7038.035507826102,3420.5442875431677,12633.419481624818,682.742992570785,3789.255032651615,5066.252740859967,12065.953556453858,1638.55711218019,2646.7435848553914,841.1682117839551,2900.1502564883763,1768.0743951165289
6511,3520.0274996019903,4204.3832203904985,7219.855126611422,4869.627568347512,6733.427416183123,12859.270310592523,793.6462543820328,2809.873864808548,3477.431971556303,1552.2671365924987,3096.3281081132504,4959.203477543123,11907.637971203329,962.5150969296881,1845.2236997092896
6542,6762.615632369118,13050.623744237679,4809.747954586489,2942.6248619904536,4746.50713479843,11833.07135803344,1217.3881066668991,2697.771510216306,1996.071578433033,3677.762188313373,3085.012830232747,1463.3611549867398,5036.778852635532,6424.882987402595,1066.4988276622962
6573,2454.2353934799016,13282.151138657673,5307.6678405170915,5960.577329585079,4552.757830913166,11786.682186236554,1097.4016680234774,1980.0721265886777,2610.6539371111617,2144.3236671736813,4118.802273591131,6187.534834187415,1397.5644504676077,2853.642492692717,5076.6515533397915
6604,5954.480561259361,2143.915724942777,13500.661184032813,5698.685036395566,5118.7634357186425,5010.847785217259,2781.8599265599682,4341.431717214539,1033.3954747347443,11782.712657403674,2306.691111621377,2811.0587559268306,4422.4586610812,1311.3898777966056,2592.366812659765
6635,5676.061651000745,2099.5743582808336,13712.941452627032,5886.884475331215,4148.985328751422,2646.0607908434117,3742.089795645291,4887.49208686823,4648.6176470857245,2770.3053640460294,1238.185063363015,4076.0143348579495,964.3156484154415,11841.865936558272,2471.3247888905134
6666,3186.6975678507065,2174.1406839196648,6107.748464277345,5459.348504769539,13912.448239285208,2754.8103425312606,4696.856787536047,4693.597036863636,4799.60768546286,2708.246987793418,1168.0507645187877,3695.273079449014,904.3750524334007,11921.401021017457,2628.1165048567814
6697,2586.2331261735617,2360.0116607212867,6163.705852738423,5305.477888010879,14142.59054581328,11986.941325179723,898.4537916021259,3222.8577544433724,2892.357337978802,4387.139987559449,5374.770544248101,2775.3091723567914,4934.841195444321,2671.561958427,1108.4665818680062
6728,5184.062297916601,2551.383453251396,6242.603839159743,943.0772338709514,12039.698812302171,2705.9055598904115,2219.421264608607,3036.4073500202935,2629.476175745064,1063.547645575263,2948.984309007973,5083.742792066571,3982.680836916777,5777.662921291355,14402.064230941944
6759,5125.976741586334,3428.4544673001715,5208.034227796843,2931.2704542794872,2775.4778424935726,6113.387437444982,1920.6705270851799,6228.206496575552,12108.992777838283,14691.10350492781,2974.948788931892,976.2597672886842,2272.035638855421,986.4671029709825,3069.4329471899246
6790,4874.336794612033,2973.2975920890512,15031.817338452274,5487.129763795682,3125.977629840144,3035.2432765301546,6369.070904156725,1700.604100429032,6089.061972335268,12094.87696967502,2927.711197652586,1151.936761147991,2068.8468147865287,975.7706895589279,2905.036917503711
6821,15418.937054938917,1553.2370780607916,1653.5246516927177,12076.350736064282,2689.563050091532,1002.4566510182042,5547.702859237047,4708.4443459933045,2597.776757652346,3248.0406795030563,3053.7102383661622,3381.109566072252,6484.225839730547,1663.561115990311,5732.078098153659
6852,5646.408844742204,4654.134662592199,1653.3869959659914,5226.392828745175,2077.0889295257057,15860.59029933345,6619.847890860674,3779.735225858415,3444.64972140786,1328.4054699302646,2112.6800475988584,3207.680239932635,12090.675179808979,1909.2274209329478,1199.8149653297698
6883,12054.748959817525,5527.751115788615,4468.114176922032,3957.1894757079936,6739.070281663505,1636.5910714919833,5026.248669343461,16241.866592057948,2421.6620386692334,993.9648104473088,1831.8975343161962,1476.4337251828722,3301.4637755960957,3184.712514556668,1949.0039810036903
6914,5161.639060756742,4205.013841864099,4069.7138209071563,6848.507329539384,1632.340768901318,4908.134443046676,16402.26883642784,2523.163295384258,3118.977729194573,2107.4396352385766,2763.6077058136993,1043.142543985458,3098.724045568234,836.4477220221627,12091.597943914949
6945,4600.848764798255,3941.7829708420963,4153.263445044592,6956.039111679788,1633.5493515312623,4800.19493588969,16436.519919735376,3099.534009595693,2440.2222385680593,2839.3894955835726,3001.436951773908,923.6681312217491,2982.4714080566623,827.7980632989211,12173.999924945498
6976,4377.629206680511,3679.391479921098,4274.624042440924,7093.854630692984,1650.8775830824216,4599.772941165948,16513.276580646834,3497.5999929464024,2569.3710800369463,3218.407939424903,2541.893503441553,12201.992926233917,2796.1337009143926,799.7154981719153,996.1776167643781
7007,3205.4776444627983,779.3079811591216,4345.312252743201,1703.5325992016399,2468.3096483742556,7189.270810287491,4400.285772302343,4631.843357597257,16538.120286644058,12337.779805827542,2654.6973696622717,1083.7389048152668,2274.800278679775,3794.830325298484,3403.411685509618
7038,2900.6718194067107,12487.253272181597,1233.8677013146662,718.0189677184721,4392.337306930234,4474.692459806265,7243.698508243197,1742.5881512719714,4138.47399963006,16555.44915179288,3969.2639720947805,3595.5038274034227,2449.4745676716416,2860.600054907606,2048.8249621916266
7069,12522.488220314188,676.3319727355963,4562.177427267636,7318.833869891841,1855.113300834176,3837.372721519526,16630.959655361086,2550.1321184134367,1474.0363668552543,4343.433179589153,4110.506990339855,3697.7190013854815,2173.6716258031724,3083.9144740316956,1974.0277982230282
7100,4613.769414127808,7310.58974828467,1922.7998964035319,3715.2290005785185,2241.7967483369453,4403.3189264537305,16682.55054730101,12537.390753993672,683.5352033749664,1537.2747336053967,4034.22430553765,3779.42254652851,2268.5515084482895,3123.803428225626,1956.4619613648072
7131,4508.997322350719,2025.5976394692182,2040.600622915896,3431.7145647149773,7351.577995440899,4585.153305584965,2078.586598547896,3763.7214234417097,689.9955536368469,1486.08570238204,12572.433863999298,2518.5119895695902,3856.2224599479136,3052.4977533358933,16849.021927227266
7162,12647.67118277467,3646.2143709991933,2181.550721610925,1486.1425982620208,3637.4057186771843,2847.929957180008,724.1948390445302,4505.6731631117145,2987.2522520802895,1871.433560155662,4600.320434045603,7369.780003355589,2195.80790638416,3113.7188766395147,16995.623138244064
7193,12677.151550487766,3415.3775870003237,2362.5719171285505,17197.64767889284,2905.247146413485,4476.53236460253,2365.7784192239633,1516.2213941094615,3463.627106112037,3169.979146331593,738.7503986352096,4486.590665043995,2943.9910676635327,1731.3698251306516,7359.882455789187
7224,1455.82878037488,3339.8169940965126,2451.4159795526366,3435.0615939180107,2730.3601965647904,4466.284565701052,2424.6549085328143,12767.512329941319,770.4832392737217,17367.903601208967,3264.7413351333003,4310.13222274693,2982.084523844823,1751.7132024211803,7292.725249254183
7255,2498.445057537179,4470.985089441323,2466.616430369071,3119.482956708875,2635.437526386895,17444.61634821524,12895.972220854675,3269.6556159210127,811.7822840945305,1305.3269966958742,3632.9312561853603,4260.618286524434,3163.4859304115157,1652.6682066972444,7182.694516521895
7286,3237.3674755981324,1161.867654472996,2492.8934275645015,3925.492568321111,2799.150971337303,4271.670436181513,2547.6992965529635,13054.649979775193,852.5443737416523,17442.166074870805,2918.3681754651457,4196.468178118121,3254.408948438635,1612.4155709242862,7043.555591202767
7317,1016.9380986756637,13264.369021667644,915.9216774024615,3254.597520996145,4179.938293660609,2450.1597509986855,4194.912336301398,1552.197005510315,2708.703438529585,3328.6211429329505,3987.9771831517432,6841.631934759198,2689.323838479953,3065.7084741450094,17359.71900535376
7348,3545.6666313619,3652.3755511728123,2776.0728460633964,1017.6901902001472,971.7474896797556,17193.99799934009,13445.161063043823,3150.436835892539,2430.4292621269524,4436.58633705542,2482.64229525914,4220.356350108377,3359.4963037263956,1496.7430727915075,6631.316494742875
7379,1171.1355350690496,13597.797775388097,2800.2461868814717,3389.1697439479526,16972.476524977003,4060.619142977524,4663.438135481791,2152.503868596842,938.6669006259144,3378.467095747766,3048.0697726515937,6445.08126178273,4259.5987352176235,2528.0270351818353,1405.4210080379341
7410,2876.0359729692177,3063.517767370878,4550.398598069545,1357.6740924578478,13716.09570425992,16770.799916796608,4860.060457500276,1901.0415195510402,894.7466463957606,3368.9662301918675,2931.885729497053,6231.925915701096,4257.882726040336,2602.299931466941,1427.387514296734
7441,2820.5005540052994,2944.4478057085053,4958.721752983038,1572.09264503619,13738.701485387386,16556.950323664914,5002.28956785835,1703.5194551137613,905.0866369296567,3264.6289753615642,2706.139463382652,6110.73586485565,4267.051345950591,2811.6369380378947,1448.215908289671
7472,2812.6269609546766,2782.296335312185,5384.034793409528,1810.9755606644449,16342.403593115412,13681.962119616515,5954.158973508682,5075.360538898223,1557.6594151097613,960.2818809350424,3178.2855977737304,4404.131053025299,1334.720136184485,2400.3891998149866,3131.4325642421536
7503,2023.2346298855564,13581.909424714251,5070.728479801585,1457.6073789051165,1070.806862027453,5726.878808421011,2765.518326038282,16135.789050538513,2715.480726170942,5880.944184465801,3085.682333465634,4426.120537059215,1298.6902778074802,2205.9562452110545,3365.3714580532287
7534,2222.5822337908658,13453.856201456518,1144.5760915119504,1400.7562378232606,5051.382474047767,2718.4617623996182,2698.690667143325,6004.772741365516,15943.14596752012,5866.496292417864,2926.7072217370055,3766.378386396946,1276.7415302650184,1892.0563372768113,4444.114577412534
7565,2365.8655300841638,13243.338550320246,1218.6232126600858,1388.0608631367063,5040.3401526193675,2673.9455868265895,2702.8640546727183,6296.519821979534,15739.29828986395,5903.066148778723,2727.8139774232495,4162.654811538069,1281.239671330055,1642.0719738821292,4425.01607744954
7596,2466.943491474237,12969.646434849144,6632.156092930914,2614.732350830805,2708.4803179476885,1410.5125271952643,15512.502412308415,4970.950801293596,1369.3754035446295,5934.321478087318,2504.5158647955495,4569.027795859294,1163.4139791765906,1701.9469043085621,4282.192867963116
7627,2563.9527308955567,12639.67376274435,6940.718624805444,2663.5825803949856,2587.529539425603,1504.7218409370103,15299.197311631558,4903.84395202397,1536.5823956605573,5806.110073613285,2343.227047728671,4976.953051615827,1015.6504290605864,1830.6579723675673,4198.317409660156
7658,2456.6709485227852,2775.177976697441,7192.018050858319,15017.705938134895,2668.198590693628,12270.937681554615,5314.874306875372,4799.886466658937,1651.6610971077225,2240.4211692212953,3899.9562234046516,918.5446801762725,2202.681563075913,5621.634653286988,1780.3493762962844
7689,2367.1322990284957,14665.387084988177,7368.603557417365,2900.408550312809,2853.3388039802094,11897.579613724121,5448.44333718716,4587.02709516066,2321.0491778249416,1683.1536367735314,2782.072031656587,3448.8291000636186,966.9097153836684,2024.1897049188365,5496.595014144943
7720,7592.316677205498,3126.3205486913057,14337.12279553902,4193.53774256085,2268.3890586454186,2155.971985670615,5270.489845707433,5365.7959127591275,1033.1565550501289,3215.4393091412853,2865.5443125075217,3008.43789888091,3172.1950921602647,1716.7304395329704,11489.270548512774
7751,7650.732327254136,3274.1581520288037,14031.069812063186,11073.694770181033,3968.9147491888275,2606.464561618209,3099.8105491916235,5168.789549208176,4502.458258041769,3540.3285683384147,2798.904950720561,999.9639772931446,2329.071980181525,3859.4554624623006,1906.9010547934206
7782,7634.694430288861,956.7585560809424,10645.834503348127,13747.929016785358,2149.462515238302,4915.147982148475,2977.5048636133524,3458.3860490534444,3398.9455931199627,3857.27745453325,3502.590141194846,3198.817073425608,1992.441246356555,4722.481469813485,3652.447827564551
7813,7597.716160137294,899.1160379991637,10206.233180335968,13485.634042796584,2425.451145825512,2958.6213942111385,3303.5039247290442,5326.343413159925,3551.6024944986157,4318.429083715177,3351.926738284046,3775.023803034315,2273.091805950907,5152.930656922953,2185.0948409644843
7844,13242.09463591608,7437.747429013434,9750.503918588183,1452.6582063477397,3770.446013847265,3977.4626893474033,3414.9495813113276,3814.0885793343627,3474.197373168611,1019.7773085933725,6146.122151925329,2216.9311850414274,2564.821784695374,5800.4847115104385,2728.433153924779
7875,7572.09268210627,3512.6542719164395,12919.35997596593,9273.870830520606,1192.593453385357,4055.242300045741,1211.036959431794,6131.208818184024,3092.223526264842,2202.5371351170324,2354.569386146248,4071.865798917591,3382.1444454397247,6553.096963090425,3286.2221760331026
7906,7704.506851054361,3602.084534191643,12583.124879142142,8765.300238222388,1177.148251450927,4057.1895690914116,1429.870025502671,6425.648424703422,3515.618791033078,2274.383914850404,2133.4452552950765,4330.086522918228,3127.161046387183,6644.846746622576,3040.303672099612
7937,1302.1866289751792,4537.093312607033,4094.895895212868,7833.205145113883,12249.455818494158,3969.1352298191573,8196.657027407582,1654.9039793921283,6633.520227875908,2872.3972185541884,1915.9053381598562,2800.347354386141,6627.857031801618,2395.6098587630277,3727.548656002398
7968,7584.783393809614,2388.6652435219976,4303.719349794024,6760.697384437726,2571.5632998895926,1801.209920847462,1521.8675540096006,1903.1976857643813,6545.041067345901,4692.799493779836,2757.16822122364,4049.7155079630706,11900.772989488278,7954.209858459271,4075.3077522307262
7999,1827.2668935657746,7069.3437418617805,2331.190470316839,4709.4445858213185,6609.6240278407595,2673.6258083359776,4824.128231149875,2686.0827688213985,4241.138940970042,11545.206314703906,8158.839340043901,1791.1880831941435,1983.4489404006454,3959.8949021303447,6400.295673408424
8030,6555.918255853204,4887.078937467967,11289.315846957543,8263.633958809773,2331.3424391645676,4305.940525431625,2690.2375313765274,2146.588092280954,3875.433739047398,6242.525906902396,2288.47061610435,5151.282490654922,1991.4617076209236,6081.299222179743,2710.189452713235
8061,6085.962243036448,5027.861368068395,11025.709306643383,8384.931441313971,2791.079570468052,4333.772809392697,2237.148197273433,5648.3321203658,1908.0973410378856,5734.224303201094,6086.9536428006295,3694.3939235106122,2721.2438504941,2496.0768593687562,2634.9317455898718
8092,5650.283488764122,5111.613615421297,10781.085641993284,8477.585721154608,3322.0557166249173,4297.623286314277,2191.587076651124,6186.021159762216,5242.519062533091,1815.8133509635204,5992.249143062634,3524.1118873726136,2777.2707695095605,2839.662440003805,2601.236362434058
8123,5221.733765661962,5314.5775480354005,10562.107649154434,8580.789288461801,3868.381691223787,4200.5021338209135,6789.232470099582,4740.845441703962,5899.812214144914,3288.19754430382,2784.2708515522268,1719.7452776910698,3122.936736117375,2155.9664720581127,2561.619638535767
8154,4780.512735172223,1587.9329867892316,2092.749236563656,5877.731272226764,3310.975187306525,3966.4998859897573,2494.0011082231813,7348.052543212755,4758.422787329846,5578.025977637146,4161.203305178614,10388.23783718199,2690.6317251835617,8685.342475501819,3090.3996590680567
8185,4347.549336165173,5884.6620710323405,10272.924573858778,8782.775398627571,4118.168056033455,7825.938942836775,4143.194770454712,4728.689568021644,5858.022725273546,2928.9218578153245,2518.7099338553076,1512.7233958191914,3398.1978618819408,2013.1637596035496,2477.0764712858168
8216,4066.661698846445,6217.41257043271,10202.433881609606,8878.023409678779,4155.165561600603,8214.806957828594,4087.101860529473,4771.804362142764,5800.001240640582,2745.0108802145296,2361.4762487582793,1453.79814310465,3454.036857841972,1958.1073907916457,2444.8776585444953
8247,3885.805846014183,8541.369637993788,6582.338413396587,10188.51161598878,8921.648729426974,4017.2051439365464,1900.9017765646195,4838.3750092381,4162.267558390276,1343.0250088023201,5738.866446146108,2348.96723912606,2198.538278629216,3565.4615621961443,2577.4364567154216
8278,3744.341993468775,8801.313122572194,6950.95051541954,10200.976898633162,8916.591434216567,3984.816778236559,5720.357512741008,2056.4390475823584,3464.6729636891296,2439.773539104804,1909.3542101301541,1321.8948736168813,4954.803647093509,2284.1652069364445,4060.26697912404
8309,3640.73232167005,9008.664966042206,7263.673028671886,10237.332233360856,8865.098143009312,4001.7570035504978,5630.959451063984,1966.5096584622431,3434.5844784450483,2366.81193462034,1959.66566762638,1242.491172435462,5089.237362984563,2173.1668022986196,3930.034498323674
8340,3571.085864452049,7506.29912466569,10282.10529392237,8780.100129891485,9148.178142017907,4074.7405745571964,5490.221162492589,2380.563618141561,1936.3754723330228,3357.7885165088396,1992.3433209880773,1145.595271752763,5237.8998464748765,2113.360092324987,3794.0622920417163
8371,3529.8882835653867,7670.330151405438,10342.627635515095,8655.96599374435,9214.539723981174,4203.489377853966,5321.756189095362,2467.4776077040956,1987.4097345250118,3269.4864353010066,2025.2365634007572,3594.475058972772,2097.3983540834874,1037.7888538925247,5392.848759524699
8402,7764.175122659227,10424.672469357622,8492.620464127107,3337.2712741558635,9209.605395426905,4370.13469251581,973.370583950414,3524.1134775341534,5561.086301910336,2074.6527112616322,5116.173477320069,2609.6253091605527,2109.077682517872,3186.7376020170545,2057.402158650509
8433,7797.382184338765,10530.6641644413,8295.315919622846,3011.7448259418425,9131.835817687608,4526.598432332881,2058.982758956943,5766.9641545526,3590.4001831324363,2290.16774564612,3116.0141106283086,2772.0260876925113,864.2419881197789,4947.165451923897,2111.2148975472846
8464,7777.627787992651,10662.48975083195,8070.973448035741,2635.0533762347495,8984.906447512893,4644.793954620367,817.6015230065016,3734.4531835370376,6024.383370352379,2006.5702138574165,4823.595123229004,2909.977229304947,2521.3776399066833,2994.1054547086965,2202.8102194341086
8495,7709.642520327417,10817.883021022855,7828.411828227159,2158.4830451782864,8767.094140585505,4695.594035435123,1916.8230846630408,6419.939050568864,3962.311381308483,814.8918165419897,4758.601487245915,2941.6873760028534,2233.888146115041,2982.4741735316975,2802.9936158108976
8526,7599.099886179327,10988.703654682336,1954.8293624868056,8500.511750466863,7578.117100444617,814.7813097392127,4281.647519619389,6547.170777997142,1860.6748683375713,4790.831835093696,2831.8899613945346,2308.3451540664014,2967.471984447735,3135.1161073437156,4651.527450265782
8557,7451.632487748791,11168.071794914536,7307.5852582511125,8247.652891953525,3623.3916429265555,4524.6864393015185,4773.014818415738,2561.77337346681,2879.4754293181027,4766.976392054969,1870.3109625871875,1977.6890369957193,6373.154469883948,803.0550462438373,2482.24867850277
8588,7993.88265622406,2171.945719182183,1899.293734643676,6074.649093146644,5347.332813626033,7262.78096453985,11372.386046175745,4415.165605373976,3991.794898785044,6935.400454850005,2200.063747444289,2892.479042238685,767.9318039984805,4778.482924299607,2707.129218036849
8619,7741.667636690341,11556.785037341822,6561.603685013377,4261.4996288316515,3005.7103427228813,7047.320244227006,5996.964284753252,5756.662903199051,4745.707263137459,4240.247659928466,1940.1221047583408,762.7514696245504,2388.184649020609,3076.756418361173,1728.7353949551507
8650,11731.5871064247,3635.8190108725494,4388.908632612201,3162.7272576986934,4629.262580240626,6904.057617021287,6193.913903288853,4010.9578115940967,7548.839132152311,771.3122955027961,1142.4064951072426,6720.347985886378,5490.813368886128,2344.0678139996044,2135.697711277655
8681,11960.651504409194,3868.5860647409804,3729.4215465000752,4363.44610840022,6709.144188009839,4598.607657696067,3481.252196069293,5836.7102432990505,759.7000220442726,928.4289870469727,7364.261596294251,2145.5100374772605,5303.784508989568,7337.077030598069,2424.137030990012
8712,12205.559429570605,6607.6900472170855,5412.682907757935,4338.477062748146,3795.679531011294,3641.6809813685313,4572.597327769706,5267.746318934533,3525.4063661343607,717.4855057941995,940.7621067583382,8237.590986056648,2790.164756292067,1792.1553831469919,6965.040012004683
8743,3140.3846198266306,4622.165202631435,3430.34549636582,673.9654653945703,1074.431779647266,6476.390459749358,9488.076448454174,5131.867509927801,1507.9628574440198,6575.351751306242,4134.642340502481,2989.841065170307,12380.767089218509,4871.222799755106,4313.303837171405
8774,5964.711546143411,9649.361539465235,6618.085079760312,4526.677102219387,12432.117769684386,4260.673415417378,4206.186196530594,3421.9894787443513,4803.6671779801045,3071.543647108044,1359.5998519114341,612.9478046889078,3689.3609430011015,4935.60335629743,1258.193813613044
8805,5558.586542521962,10023.615174470913,6527.5193635972155,4071.0768310210724,12398.140881468777,3841.2062831627777,4184.575471400994,3577.2754213679873,4612.557481565303,4841.088851901035,5235.247969118393,1168.1598580165803,628.6769349461837,1753.7467203707913,2389.2449376351396
8836,5102.328516375739,6356.469044493023,4536.938875632804,12342.523795086856,3492.2389323627103,10349.509735997031,4291.852798146848,4943.815254806053,1196.5205616252351,2050.600819323158,5725.213856357884,1736.739791734652,3624.8257253228326,656.6477192804434,4404.4932960198585
8867,12236.567805936582,3372.992470735136,5956.321131494814,5066.222265345132,10632.908015176012,4618.699971038949,4635.071632329049,3991.0701427302433,5144.18574212721,1394.5858714415363,6008.742100323454,654.0232115363381,3683.653645169798,1319.269306143328,2096.4054110375496
8898,3874.3339943399747,5042.0127196228905,3859.6012217771804,4736.189937943154,5369.168890653519,12050.697486265075,10927.159635218175,4352.712908950762,5446.297620096415,1723.109946102641,5717.177694950741,661.2822793246571,3658.588800909204,1297.0516336596356,2095.333952751102
8929,4646.979363830391,5572.2951716038115,4250.771896329559,4543.882990634255,11756.434598820179,5250.18027361177,2382.3072045483177,5669.167914561705,3768.0876074862163,11233.731826817157,4188.490241982725,662.8306286282732,3625.664917845466,1261.1492281125397,1998.7448577527616
8960,4501.759327989651,3826.565694932611,5134.516900111048,11400.355994562751,4958.897272311989,2947.6084251951766,5634.758681715566,4025.788017370035,3775.4547583053104,5528.465595318552,11653.922245731503,662.0609468237963,3648.437482692322,1246.4243243820017,1865.703055122813
8991,4365.144772383183,3706.976332055953,5537.8185115040615,11051.109945953642,4797.4151848949805,3343.109021301106,5426.67611291358,3866.159687493413,12196.159393328078,3623.6715515636347,5403.919155416554,668.476592120005,3731.178247597665,1239.2112808727547,1853.692933166516
9022,4241.577650838687,3809.301514141605,5778.67561795811,10640.598374221052,12747.755532776811,4397.526325333333,4042.0712641578702,5197.949868698211,3371.087393811477,5281.249434011789,3786.429658698589,662.4811022631293,3793.634886587073,1302.4957914825284,1757.8843075848629
9053,4126.618910786758,4108.022484369392,5985.075454425916,10065.574277362783,13308.465282034513,4035.238482230508,4641.933449317288,4936.324425689839,2988.527823608317,5145.491621995121,3806.2922868797837,685.8536705471281,3945.363017622515,1347.5906390990194,1684.346896596238
9084,4018.43207587287,5378.881300613555,6177.813134756967,8704.417642171451,13703.511397426124,3743.427137021002,5133.57791317386,4670.056261284112,2663.511659850585,4930.394842786906,3959.7046417475362,667.640115648265,3951.273493971027,1478.962450766473,1629.114655474388
9115,3901.829413502797,7429.06331120563,6694.5050222302725,6348.005284330048,4145.173674129502,13982.126803680769,4676.176379911006,2337.6600954399755,3436.6863524521254,5590.277639993113,4420.470329743172,692.6326272939838,3936.3337709964785,1535.8731280001145,1683.9048896561433
9146,3766.549296517384,9527.164542607443,6478.384824840232,4769.785836559942,14125.523026173922,3202.1030630053083,5978.049781003769,4214.66377149266,1896.8073492541403,4337.545127848004,4533.980023008517,718.624427155959,3902.9086007086967,1588.5012518333529,1770.1278005557917
9177,11114.648559207537,4119.76251437562,6532.84954190614,3410.0488897985506,3668.4580172839865,6169.601743108721,3181.9222438118113,4822.465283326619,4178.33161921543,14050.96387330844,1500.397255941223,752.6151745893505,3889.976955212975,1594.6245766334112,1824.0524748453117
9208,11963.993495501056,4137.828960147398,6585.066194735456,2803.8893423001473,3512.3967975026526,6294.158742017931,3114.90958441321,4899.392498227622,4104.549920312332,13915.1109359642,1290.967275963554,801.1202270051309,3882.4745540909325,1558.2635603693034,1946.5966340141977
9239,12206.413757729613,4228.141123791359,6554.752668585478,2851.9890787084537,3354.1404739736554,6367.816412550377,3005.3259011439263,4919.552530579633,4006.380453051838,13724.529354027509,1259.7967820201961,859.3304695355791,1602.6834363370947,2019.3062091225427,3850.5600714078664
9270,12326.11883320999,6490.943700198889,3022.924790350177,4330.7330616158215,13517.776152581091,3271.2904976674795,6402.72374120462,1296.8593670750515,3893.199989333657,4882.942125255988,2856.8888187386174,916.6543621389761,1667.2068391795788,2079.076649058735,3855.3797949564537
9301,1340.0273309635759,3794.1326957320643,12347.4364141171,3283.03276266939,6390.790379591288,13320.032010899427,4853.189894561933,6394.708129158836,4434.387408553411,3288.4551443562036,2671.751413679923,992.3862523213495,1667.6794373792077,2176.302407040335,3856.407041541078
9332,6250.574007088047,3624.1798758628784,3423.1097299107023,12263.879872752554,4531.553163186287,13136.004287244608,1380.8361093673116,3653.1869564171566,4806.951380061419,1685.7349003246738,2346.074033471286,2417.476685764238,1106.1654376443046,3841.2557686834443,6343.736514786218
9363,4098.762400092943,12000.964194343745,3717.3266897889835,6078.754383353684,4718.562403477518,12991.671293823454,4563.380748581173,3544.846983444265,1469.9819832317296,1617.4875072533564,2529.6323389706363,1335.5647267265695,3749.3891306648848,2150.254255858306,6244.13968295388
9394,12877.38854403474,4770.096418292953,11426.525242867445,4098.250915838561,6002.389391596609,1492.9890897698328,3386.3408942131964,4528.958329522864,4668.241040460693,1595.7049847444991,2730.9444656963333,1813.350652792336,6124.888832554632,3683.540889311122,1611.1090308693074
9425,5672.841819471208,10568.310761715531,4521.725772086646,5882.823834083909,12803.454645881531,4539.699829172323,1438.4913283395558,4698.889222745827,1588.6533660406972,3209.019174293731,2862.1811331657273,1551.3142602314958,5933.6972680822255,1842.7915639628452,3696.824743291875
9456,6836.966405921414,9387.412477199548,4810.627096716983,5805.32228870993,1391.1529242575634,12762.016038703754,4671.119554526985,1342.264828145906,3040.977723903207,3674.6688650364,2050.7392141998316,1589.8838076751151,4826.24695917588,2945.392348803811,5675.928189588793
9487,8239.785323960861,12732.20958034376,1171.8351188088639,2918.6844476737283,5024.093985668767,4853.394820496875,7917.395914476556,5749.185677370108,1306.0631045181694,3482.32060863936,5386.678596402708,5022.110073792067,2976.677710664013,2227.404453165892,1802.8793065834
9518,12658.367152119754,9470.877235597922,1162.6738769228757,2845.6642286948218,5174.330227389258,5042.888701472156,6633.663621382777,5683.182054053408,5026.598453882315,1957.1622861936792,2968.3555658307496,3364.812159337395,2446.271981173073,5099.487433145845,1276.3837453690955
9549,5666.901387401656,10681.094176445149,5391.7018926262135,5252.10306404588,12501.140785223348,5201.109117258712,1340.7459763747966,1252.3927682808144,2840.1441957629595,3280.00862639451,4908.819775792438,2148.5787271717477,2637.6174355516478,2875.8642957161405,4832.496498519113
9580,5708.582391835028,11861.659190538996,5288.184743302568,5261.332762303327,4331.25703580851,12116.09388639084,1581.5629296042803,2957.3322552426594,2151.3080214769507,2756.06566129464,4532.157239444576,1414.1755516691298,2954.5010844568055,3276.4806892403526,4620.025279956464
9611,11586.427595551011,5788.063237945727,12002.760669186084,5337.116320857814,4358.304932966572,5225.800984027143,2012.629408732743,3248.4206510372555,4303.967376503267,4170.20974615253,3330.9590471960546,1513.3216504908373,3335.5759745311443,2058.7529788771367,2538.4081485098077
9642,12021.738267668514,5441.85379958383,4484.476875893168,5117.489173320719,5884.862695743426,3623.2561487588787,3577.1165760948984,11109.557181050559,1932.5754046073387,2229.5863911803917,1842.1185690756397,3987.6784395463983,3656.3959865858997,3371.132163218862,2530.881050236601
